Rank,data » name,Ticker,Coingecko ID,Key Person,USP,Economic Purpose,,Issuer Industry,,Technological Setup,,Legal Claim,,Issuer Type,,Regulatory Status EU,,Mode of Origination,,Type of Maximum Supply,,Consensus Mechanism,,Tax,,Multi Chain (Y/N)
1,Tether,USDT,tether,,The Financial network of the future.,EEP21PP01USD,USD-Pegged Payment Token,EIN06PS,Payment Services and Infrastructure,TTS42ET01,Ethereum ERC-20 Standard Token,LLC32,Relative Rights Token,LIT61PV,Private Sector Legal Entity,REU51EM12,Non-Authorized Significant E-Money Token,EMO92,Sale,EMS82DC,Discretionary,Depends on the ledger,Depends on the ledger,RTA71,Conventional Asset Tokens,Y
2,USD Coin,USDC,usd-coin,Prashant,Digital money for a digital age.,EEP21PP01USD,USD-Pegged Payment Token,EIN06PS,Payment Services and Infrastructure,TTS42ET01,Ethereum ERC-20 Standard Token,LLC32,Relative Rights Token,LIT61PV,Private Sector Legal Entity,REU51EM12,Non-Authorized Significant E-Money Token,EMO92,Sale,EMS82DC,Discretionary,Depends on the ledger,Depends on the ledger,RTA71,Conventional Asset Tokens,Y
3,Uniswap,UNI,uniswap,Nick,aydi,EEP22TU03,Settlement and Governance Token,EIN06DF01,"Decentralized Exchanges, Markets and Market Making",TTS42ET01,Ethereum ERC-20 Standard Token,LLC31,No-Claim Token,LIT61PV,Private Sector Legal Entity,REU51UT,Utility Token,EMO93,Airdrop,EMS81,Inflationary*,Depends on the ledger,Depends on the ledger,RTA72,New Asset Token,Y
4,Chainlink,LINK,chainlink,Albert,"Decentralized service for blockchain oracles, enabling smart contracts to connect transaction, payment system, and application securely through network of oracles.",EEP22TU02,Settlement and Access Token,EIN06DF04,"Decentralized Data, Oracles and Infrastructure",TTS42ET01,Ethereum ERC-20 Standard Token,LLC31,No-Claim Token,LIT61PV,Private Sector Legal Entity,REU51UT,Utility Token,EMO92,Sale,EMS81,Fixed,TCM71PS,Proof of Stake,RTA72,New Asset Token,Y
5,Wrapped Bitcoin,WBTC,wrapped-bitcoin,Magda,Wrapped Bitcoin (WBTC) is the first ERC20 token backed 1:1 with Bitcoin.,EEP23DV03,Other Derivative Token,EIN06DF02,"Decentralized Lending, Saving and Asset Management",TTS42ET01,Ethereum ERC-20 Standard Token,LLC32,Relative Rights Token,LIT62AL,Application Layer Protocol,REU51ZZ,Other In-Scope Crypto Asset,EMO94,Other,EMS82DC,Discretionary,Depends on the ledger,Depends on the ledger,RTA71,New Asset Token,Y
6,Dai,DAI,dai,Marlene,"Dai can be used by anyone, anywhere, anytime.",EEP21PP01USD,USD-Pegged Payment Token,EIN06PS,Payment Services and Infrastructure,TTS42ET01,Ethereum ERC-20 Standard Token,LLC32,Relative Rights Token,LIT62AL,Application Layer Protocol,REU51EM12,Non-Authorized Significant E-Money Token,EMO94,Other,EMS82DC,Discretionary,Depends on the ledger,Depends on the ledger,RTA72,New Asset Token,Y
7,UNUS SED LEO,LEO,leo-token,Magda,UNUS SED LEO is a  token for use on iFinex trading platforms.,EEP22TU02,Settlement and Access Token,EIN06EX,"Exchange, Trading and Settlement",TTS42ET01,Ethereum ERC-20 Standard Token,LLC31,No-Claim Token,LIT61PV,Private Sector Legal Entity,REU51UT,Utility Token,EMO92,Sale,EMS82DF,Deflationary,TCM71PW,Proof of Work,RTA72,New Asset Token,Y
8,Aave,AAVE,aave,Marlene,Open source and non-custodial liquidity protocol.,EEP22TU03,Settlement and Governance Token,EIN06DF02,"Decentralized Lending, Saving and Asset Management",TTS42ET01,Ethereum ERC-20 Standard Token,LLC31,No-Claim Token,LIT61PV,Private Sector Legal Entity,REU51UT,Utility Token,EMO92,Sale,EMS82DF,Deflationary,Depends on the ledger,Depends on the ledger,RTA72,New Asset Token,Y
9,FTX Token,FTT,ftx-token,Jan,"FTX Token (FTT) is the backbone of the FTX ecosystem. FTX is a cryptocurrency derivatives exchange that offers futures, leveraged tokens, and OTC trading.",EEP22TU02,Settlement and Access Token,EIN06EX,"Exchange, Trading and Settlement",TTS42ET01,Ethereum ERC-20 Standard Token,LLC31,No-Claim Token,LIT61PV,Private Sector Legal Entity,REU51UT,Utility Token,EMO92,Sale,EMS82DF,Deflationary,TCM71PW,Proof of Work,RTA72,New Asset Token,N
10,SHIBA INU,SHIB,shiba-inu,Albert,ETH-based Doge killer memecoin with its own ecosystem (ShibaSwap).,EEP21UP,Unpegged Payment Token,EIN06DF01,"Decentralized Exchanges, Markets and Market Making",TTS42ET01,Ethereum ERC-20 Standard Token,LLC31,No-Claim Token,LIT62DL,Distributed Ledger Protocol,REU51UT,Utility Token,EMO92,Sale,EMS82IF,Inflationary,TCM72DS,Proof of Work,RTA72,New Asset Token,N
11,Maker,MKR,maker,Jan,An Unbiased Global Financial System.,EEP22NT02,Governance Token,EIN06DF02,"Decentralized Lending, Saving and Asset Management",TTS42ET01,Ethereum ERC-20 Standard Token,LLC31,No-Claim Token,LIT61PV,Private Sector Legal Entity,REU51UT,Utility Token,EMO92,Sale,EMS82DC,Deflationary,TCM71PW,Proof of Work,RTA72,New Asset Token,N
12,Compound,COMP,compound-governance-token,Aavneet,A DeFi protocol that hosts lending pools to earn interest on various cryptocurrencies. ,EEP22NT02,Governance Token,EIN06DF02,"Decentralized Lending, Saving and Asset Management",TTS42ET01,Ethereum ERC-20 Standard Token,LLC31,No-Claim Token,LIT61PV,Private Sector Legal Entity,REU51UT,Utility Token,EMO92,Sale,EMS81,Fixed,TCM72DS,Proof of Work,RTA72 ,New Asset Token,N
13,Amp,AMP,amp-token,Albert,Provide assurance through collateralization for B2B focused crypto transactions.,EEP22TU02,Settlement and Access Token,EIN06PS,Payment Services and Infrastructure,TTS42ET01,Ethereum ERC-20 Standard Token,LLC31,No-Claim Token,LIT61PV,Private Sector Legal Entity,REU51UT,Utility Token,EMO92,Sale,EMS81,Fixed,TCM72DS,Proof of Work,RTA72,New Asset Token,N
14,The Graph,GRT,the-graph,Jan,The Graph is an indexing protocol for querying networks like Ethereum and IPFS.,EEP22TU03,Settlement and Governance Token,EIN05DA01,"Artificial Intelligence (AI), Predictive Analytics, and Big Data",TTS42ET01,Ethereum ERC-20 Standard Token,LLC31,No-Claim Token,LIT61PV,Private Sector Legal Entity,REU51UT,Utility Token,EMO92,Sale,EMS82IF,Fixed,TCM73BF02,Proof of Work,RTA72,New Asset Token,N
15,Huobi Token,HT,huobi-token,Marlene,Nnative token of the cryptocurrency exchange Huobi Global.,EEP22TU02,Settlement and Access Token,EIN06EX,"Exchange, Trading and Settlement",TTS42ET01,Ethereum ERC-20 Standard Token,LLC31,No-Claim Token,LIT61PV,Private Sector Legal Entity,REU51UT,Utility Token,EMO92,Sale,EMS82DF,Deflationary,TCM72DS,Proof of Work,RTA72,New Asset Token,N
16,Waves,WAVES,waves,Aavneet,Designed to enable users to create and launch custom crypto tokens.,EEP22TU02,Settlement and Access Token,EIN05DA03,"Cloud Computing, Distributed Systems, and Decentralized Applications",TTS42ET01,Ethereum ERC-20 Standard Token,LLC31,No-Claim Token,LIT61PV,Private Sector Legal Entity,REU51UT,Utility Token,EMO92,Sale,EMS82DF,Fixed,TCM71PW,Proof of Work,RTA72,New Asset Token,N
17,TrueUSD,TUSD,true-usd,Jan,The first regulated stablecoin fully backed by the US Dollar.,EEP21PP01USD,USD-Pegged Payment Token,EIN06PS,Payment Services and Infrastructure,TTS42ET01,Ethereum ERC-20 Standard Token,LLC32,Relative Rights Token,LIT61PV,Private Sector Legal Entity,REU51EM12,Non-Authorized Significant E-Money Token,EMO92,Sale,EMS82DC,Discretionary,Depends on the ledger,Depends on the ledger,RTA71,Conventional Asset Tokens,Y
18,Chiliz,CHZ,chiliz,Albert,Allowing sports and e-sports enthusiasts to closely manage & engage with their favorite teams,EEP22TU02,Settlement and Access Token,EIN08ES,"Entertainment, Sports and Gaming",TTS42ET01,Ethereum ERC-20 Standard Token,LLC31,No-Claim Token,LIT61PV,Private Sector Legal Entity,REU51UT,Utility Token,EMO92,Sale,EMS81,Fixed,TCM72DS,Proof of Work,RTA72,New Asset Token,N
19,Celsius,CEL,celsius-degree-token,Jan,All-in-one banking and financial services platform for crypto users (lending-borrowing on crypto collateral),EEP22TU03,Settlement and Governance Token,EIN06DF02,"Decentralized Lending, Saving and Asset Management",TTS42ET01,Ethereum ERC-20 Standard Token,LLC31,No-Claim Token,LIT61PV,Private Sector Legal Entity,REU51UT,Utility Token,EMO92,Sale,EMS81,Fixed,TCM73BF02,Proof of Work,RTA72,New Asset Token,N
20,yearn.finance,YFI,yearn-finance,Magda,Yearn Finance is a suite of products in Decentralized Finance (DeFi) that is designed to generate yield on smart contract platforms like Ethereum.,EEP22NT02,Governance Token,EIN06DF02,"Decentralized Lending, Saving and Asset Management",TTS42ET01,Ethereum ERC-20 Standard Token,LLC31,No-Claim Token,LIT62AL,Application Layer Protocol,REU51UT,Utility Token,EMO93,Airdrop,EMS81,Fixed,TCM73BF02,Proof of Work,RTA72,New Asset Token,N
21,Axie Infinity,AXS,axie-infinity,Marlene,Pokémon-inspired NFT trading and battling game.,EEP22TU03,Settlement and Governance Token,EIN08ES,"Entertainment, Sports and Gaming",TTS42ET01,Ethereum ERC-20 Standard Token,LLC31,No-Claim Token,LIT61PV,Private Sector Legal Entity,REU51UT,Utility Token,EMO92,Sale,EMS81,Fixed,TCM71PW,Proof of Work,RTA72,New Asset Token,N
22,Paxos Standard,PAX,paxos-standard,Aavneet,A fiat-collateralized stablecoin backed by USD in accounts held by the company at the U.S. depository institutions.,EEP21PP01USD,USD-Pegged Payment Token,EIN06PS,Payment Services and Infrastructure,TTS42ET01,Ethereum ERC-20 Standard Token,LLC31,No-Claim Token,LIT61PV,Private Sector Legal Entity,REU51EM12,Non-Authorized Significant E-Money Token,EMO92,Sale,EMS82DC,Discretionary,Depends on the ledger,Depends on the ledger,RTA72,New Asset Token,Y
23,Synthetix,SNX,havven,Jan,"Synthetix is the backbone for derivatives trading in DeFi, allowing anyone, anywhere to gain on-chain exposure to a vast range of assets.",EEP22TU03,Settlement and Governance Token,EIN06DF03,"Decentralized Derivatives, Syntethic Assets and Insuarance",TTS42ET01,Ethereum ERC-20 Standard Token,LLC31,No-Claim Token,LIT61PV,Private Sector Legal Entity,REU51UT,Utility Token,EMO92,Sale,EMS81,Fixed,TCM71PW,Proof of Work,RTA72,New Asset Token,N
24,Decentraland,MANA,decentraland,Albert,"Create, explore and trade in the first-ever virtual world owned by its users.",EEP22TU03,Settlement and Governance Token,EIN08ES,"Entertainment, Sports and Gaming",TTS42ET01,Ethereum ERC-20 Standard Token,LLC31,No-Claim Token,LIT61PV,Private Sector Legal Entity,REU51UT,Utility Token,EMO92,Sale,EMS82DF,Deflationary,TCM72DS,Proof of Work,RTA72,New Asset Token,Y
25,Quant,QNT,quant-network,Magda,"QNT is an Ethereum token that is used to power Quant Network's Overledger brand of enterprise software solutions, which aim to connect public blockchains and private networks.",EEP22TU02,Settlement and Access Token,EIN05DA03,"Cloud Computing, Distributed Systems, and Decentralized Applications",TTS42ET01,Ethereum ERC-20 Standard Token,LLC31,No-Claim Token,LIT61PV,Private Sector Legal Entity,REU51UT,Utility Token,EMO92/EMO 91,Sale/Reward,EMS81,Fixed,TCM72DS,Proof of Work,RTA72,New Asset Token,Y
26,Enjin Coin,ENJ,enjincoin,Aavneet,"An Ethereum token that aims to “make it easy for individuals, businesses, and brands to use non-fungible tokens (NFTs).",EEP22TU02,Settlement and Access Token,EIN08ES,"Entertainment, Sports and Gaming",TTS42ET01,Ethereum ERC-20 Standard Token,LLC31,No-Claim Token,LIT61PV,Private Sector Legal Entity,REU51UT,Utility Token,EMO92,Sale,EMS81,Fixed,TCM72DS,Proof of Work,RTA72,New Asset Token,N
27,SushiSwap,SUSHI,sushi,Nick,"Based on the code of UniSwap, it gives liquidity providers the option to get less fees but ""sushis"" instead, that would create consitent liqudity",EEP22TU03,Settlement and Governance Token,EIN06DF01,"Decentralized Exchanges, Markets and Market Making",TTS42ET01,Ethereum ERC-20 Standard Token,LLC31,No-Claim Token,LIT61PV,Private Sector Legal Entity,REU51UT,Utility Token,EMO93,Airdrop,EMS82IF,Inflationary,TCM72DS,Proof of Work,RTA72,New Asset Token,N
28,Nexo,NEXO,nexo,Magda,Nexo is the most advanced platform for instant crypto loans. It gives digital asset holders  instant access to cash and retaining ownership of their assets.,EEP22NT02,Governance Token,EIN06DF02,"Banking, Custody and Financing Services",TTS42ET01,Ethereum ERC-20 Standard Token,LLC31,No-Claim Token,LIT61PV,Private Sector Legal Entity,REU51UT,Utility Token,EMO92,Sale,EMS81,Fixed ,TCM72DS,Proof of Work,RTA72,New Asset Token,Y
29,Basic Attention Token,BAT,basic-attention-token,Marlene,blockchain-based digital advertising platform,EEP22TU01,Settlement  Token, EIN07PR,"Advertising, Marketing and Public Relations",TTS42ET01,Ethereum ERC-20 Standard Token,LLC31,No-Claim Token,LIT61PV,Private Sector Legal Entity,REU51UT,Utility Token,EMO92,Sale,EMS81,Fixed,Depends on the ledger,Depends on the ledger,RTA72,New Asset Token,Y
30,KuCoin Token,KCS,kucoin-shares,Jan,KuCoin is an international cryptocurrency exchange based out of Seychelle that currently supports the trading of 250 digital assets.,EEP22TU02,Settlement and Access Token,EIN06BS,"Exchange, Trading and Settlement",TTS42ET01,Ethereum ERC-20 Standard Token,LLC31,No-Claim Token,LIT61PV,Private Sector Legal Entity,REU51UT,Utility Token,EMO92,Sale,EMS81,Fixed,TCM72DS,Proof of Work,RTA72,New Asset Token,N
31,Bancor,BNT,bancor,Aavneet,BNT is an ERC-20 token that serves as the payment mechanism through which liquidity pools connect in the Bancor network.,EEP22TU03,Settlement and Governance Token,EIN06DF01,"Decentralized Exchanges, Markets and Market Making",TTS42ET01,Ethereum ERC-20 Standard Token,LLC31,No-Claim Token,LIT61PV,Private Sector Legal Entity,REU51UT,Utility Token,EMO92,Sale,EMS81,Fixed,Depends on the ledger,Depends on the ledger,RTA72,New Asset Token,Y
32,OKB,OKB,okb,Jan,OKB is the cryptocurrency issued by OKEx which is a centralized crypto exchange. OKEx's USP is the focus on offering a multitude of trading pairs as well as options trading. ,EEP22TU03,Settlement and Governance Token,EIN06EX,"Exchange, Trading and Settlement",TTS42ET01,Ethereum ERC-20 Standard Token,LLC31,No-Claim Token,LIT61PV,Private Sector Legal Entity,REU51UT,Utility Token,EMO92,Sale,EMS82DF,Deflationary,Depends on the ledger,Depends on the ledger,RTA72,New Asset Token,Y
33,Telcoin,TEL,telcoin,Magda,"Instant, low-cost money transfers powered by the Blockchain.",EEP22TU01,Settlement Token,EIN06PS,Payment Services and Infrastructure,TTS42ET01,Ethereum ERC-20 Standard Token,LLC31,No-Claim Token,LIT61PV,Private Sector Legal Entity,REU51UT,Utility Token,EMO92,Sale,EMS81,Fixed,TCM72DS,Proof of Work,RTA72,New Asset Token,N
34,HUSD,HUSD,husd,Marlene,US-Dollar stablecoin at the exchange Huobi ,EEP21PP01USD,USD-Pegged Payment Token,EIN06PS,Payment Services and Infrastructure,TTS42ET01,Ethereum ERC-20 Standard Token,LLC32,Relative Rights Token,LIT61PV,Private Sector Legal Entity,REU51EM12,Non-Authorized Significant E-Money Token,EMO92,Sale,EMS82DC,Discretionary,TCM72DS,Proof of Work,RTA71,Conventional Asset Tokens,N
35,SwissBorg,CHSB,swissborg,Magda,DEX that allows for investments in digital assets ,EEP22TU03,Settlement and Governance Token,EIN06DF01,"Decentralized Exchanges, Markets and Market Making",TTS42ET01,Ethereum ERC-20 Standard Token,LLC31,No-Claim Token,LIT61PV,Ptivate Sector Legal Entity,REU51UT,Utility Token,EMO92,Sale,EMS81,Fixed,TCM72DS,Proof of Work,RTA72,New Asset Token,N
36,Curve DAO Token,CRV,curve-dao-token,Marlene,DEX and liquidity protocol for stablecoins,EEP22TU03,Settlement and Governance Token,EIN06DF01,"Decentralized Exchanges, Markets and Market Making",TTS42ET01,Ethereum ERC-20 Standard Token,LLC31,No-Claim Token,LIT62AL,Application Layer Protocol,REU51UT,Utility Token,EMO91,Reward,EMS81,Fixed,Depends on the ledger,Depends on the ledger,RTA72,New Asset Token,Y
37,Revain,REV,revain,Aavneet,A review platform that aims to curate and reward user feedback on products and services by leveraging blockchain technology.,EEP22TU01,Settlement Token,EIN05MS,Media and Social Media,TTS42ET01,Ethereum ERC-20 Standard Token,LLC31,No-Claim Token,LIT61PV,Private Sector Legal Entity,REU51UT,Utility Token,EMO92,Sale,EMS81,Fixed,TCM72DS,Proof of Work,RTA72,New Asset Token,N
38,0x,ZRX,0x,Albert,Open-source protocol for the decentralized exchange on ethereum blockchain,EEP22TU03,Settlement and Governance Token,EIN06DF01,"Decentralized Exchanges, Markets and Market Making",TTS42ET01,Ethereum ERC-20 Standard Token,LLC31,No-Claim Token,LIT62AL,Application Layer Protocol,REU51UT,Utility Token,EMO92,Sale,EMS81,Fixed,TCM72PS,Proof of Work,RTA72,New Asset Token,N
39,UMA,UMA,uma,Magda,Allows for decentralized financial products to be built,EEP22TU03,Settlement and Governance Token,EIN06DF03,"Decentralized Derivatives, Synthetic Assets and Insurance",TTS42ET01,Ethereum ERC-20 Standard Token,LLC31,No-Claim Token,LIT61PV,Private Sector Legal Entity,REU51UT,Utility Token,EMO92,Sale,EMS81,Fixed,TCM72PS,Proof of Work,RTA72,New Asset Token,N
40,OMG Network,OMG,omisego,Marlene,Ethereum Layer 2 Optimistic Rollup scaling solution,EEP22TU01,Settlement Token,EIN06PS,Payment Services and Infrastructure,TTS42ET01,Ethereum ERC-20 Standard Token,LLC31,No-Claim Token,LIT61PV,Private Sector Legal Entity,REU51UT,Utility Token,EMO92,Sale,EMS81,Fixed ,TMC71PS,Proof of Stake,RTA72,New Asset Token,N
41,Neutrino USD,USDN,neutrino,Magda,Neutrino is an algorithmic price-stable assetization protocol that enables the creation of stablecoins pegged to specific real-world assets,EEP21PP01USD,USD-Pegged Payment Token,EIN06PS,Payment Services and Infrastructure,TTS42ET01,Ethereum ERC-20 Standard Token,LLC31,No-Claim Token,LIT61PV,Private Sector Legal Entity,REU51EM12,Non-Authorized Significant E-Money Token,EMO92,Sale,EMS82DC,Discretionary,TCM72DS,Proof of Work,RTA71,Conventional Asset Tokens,N
42,Voyager Token,VGX,ethos,Aavneet,The Voyager Token (VGX) is a cryptocurrency broker token.,EEP22TU02,Settlement and Access Token,EIN06EX,"Exchange, Trading and Settlement",TTS42ET01,Ethereum ERC-20 Standard Token,LLC31,No-Claim Token,LIT61PV,Private Sector Legal Entity,REU51UT,Utility Token,EMO92,Sale,EMS81,Fixed,TCM72DS,Proof of Work,RTA72,New Asset Token,N
43,renBTC,RENBTC,renbtc,Jan,"RenBTC is an ERC-20 token built on the Ethereum pegged to Bitcoin. RenBTC is minted on the Ren platform, which is an open protocol that provides inter-blockchain liquidity.",EEP23DV03,Other Derivative Token,EIN06DF02,"Decentralized Lending, Saving and Asset Management",TTS42ET01,Ethereum ERC-20 Standard Token,LLC32,No-Claim Token,LIT61PV,Private Sector Legal Entity,REU51ZZ,Other In-Scope Crypto Asset,EMO94,Wrapping,EMS81,Fixed,TCM72DS,Proof of Work,RTA72,New Asset Token,Y
44,Gemini Dollar,GUSD,gemini-dollar,Nick,Reserver packed stable coin based on ethereum ,EEP21PP01USD,USD-Pegged Payment Token,EIN06PS,Payment Services and Infrastructure,TTS42ET01,Ethereum ERC-20 Standard Token,LLC32,Relative Rights Token,LIT61PV,Private Sector Legal Entity,REU51EM12,Non-Authorized Significant E-Money Token,EMO92,Sale,EMS82DC,Discretionary,TCM72DS,Proof of Work,RTA71,Conventional Asset Tokens,N
45,1inch,1INCH,1inch,Albert,Multichain DEX aggregator to optimize AMM transactions,EEP22TU03,Settlement and Governance Token,EIN06DF01,"Decentralized Exchanges, Markets and Market Making",TTS42ET01,Ethereum ERC-20 Standard Token,LLC31,No-Claim Token,LIT62AL,Application Layer Protocol,REU51UT,Utility Token,EMO91,Reward,EMS81,Fixed,TCM71PS,Proof of Stake,RTA72,New Asset Token,Y
46,Golem,GLM,golem,Magda,,EEP22TU01,Settlement Token,EIN05DA03,"Cloud Computing, Distributed Systems, and Decentralized Applications",TTS42ET01,Ethereum ERC-20 Standard Token,LLC31,No-Claim Token,LIT61PV,Private Sector Legal Entity,REU51UT,Utility Token,EMO92,Sale,EMS81,Fixed,TCM72DS,Proof of Work,RTA72,New Asset Token,N
47,Ren,REN,republic-protocol,Jan,REN tokens are a bond to run a darknode in the RenVM network. this network allows to wrap bitcoin into renBTC and use it in DeFi applications.,EEP22TU01,Settlement Token,EIN05DA03,"Cloud Computing, Distributed Systems, and Decentralized Applications",TTS42ET01,Ethereum ERC-20 Standard Token,LLC31,No-Claim Token,LIT61PV,Private Sector Legal Entity,REU51UT,Utility Token,EMO92,Sale,EMS81,Fixed,TCM72DS,Proof of Work,RTA72,New Asset Token,Y
48,The Sandbox,SAND,the-sandbox,Prashant,"Sandbox is a blockchain-based virtual world allowing users to create, build, buy and sell digital assets in the form of a game",EEP22TU03,Settlement and Governance Token,EIN08ES,"Entertainment, Sports and Gaming",TTS42ET01,Ethereum ERC-20 Standard Token,LLC31,No-Claim Token,LIT61PV,Private Sector Legal Entity,REU51UT,Utility Token,EMO92,Sale,EMS81,Fixed,TCM72DS,Proof of Work,RTA72,New Asset Token,N
49,Gnosis,GNO,gnosis,Prashant,,EEP22NT02,Governance Token,EIN05DA01,"Artificial Intelligence (AI), Predictive Analytics, and Big Data",TTS42ET01,Ethereum ERC-20 Standard Token,LLC31,No-Claim Token,LIT61PV,Private Sector Legal Entity,REU51UT,Utility Token,EMO92,Sale,EMS81,Fixed,TCM72DS,Proof of Work,RTA72,New Asset Token,N
50,ASD,BTMX,asd,Aavneet,ASD is to provide a convenient and secure mode of payment and settlement between participants who interact within the ecosystem on AscendEx.,EEP22TU02,Settlement and Access Token,EIN06EX,"Exchange, Trading and Settlement",TTS42ET01,Ethereum ERC-20 Standard Token,LLC31,No-Claim Token,LIT61PV,Private Sector Legal Entity,REU51UT,Utility Token,EMO92,Sale,EMS81,Fixed,TCM71PS,Proof of Stake,RTA72,New Asset Token,N
51,Kyber Network Crystal ,KNC,kyber-network-crystal,Albert,,EEP22TU03,Settlement and Governance Token,EIN06DF01,"Decentralized Exchanges, Markets and Market Making",TTS42ET01,Ethereum ERC-20 Standard Token,LLC31,No-Claim Token,LIT61PV,Private Sector Legal Entity,REU51UT,Utility Token,EMO92,Sale,EMS81,Fixed,TCM72PS,Proof of Work,RTA72,New Asset Token,N
52,Kyber Network Crystal Legacy,KNCL,kyber-network,Max,,EEP22TU03,Settlement and Governance Token,EIN06DF01,"Decentralized Exchanges, Markets and Market Making",TTS42ET01,Ethereum ERC-20 Standard Token,LLC31,No-Claim Token,LIT61PV,Private Sector Legal Entity,REU51UT,Utility Token,EMO92,Sale,EMS81,Fixed,TCM72PS,Proof of Work,RTA72,New Asset Token,N
53,Livepeer,LPT,livepeer,Marlene,First fully decentralized live video streaming network protocol.,EEP22TU03,Settlement and Governance Token,EIN05MS,Media and Social Media,TTS42ET01,Ethereum ERC-20 Standard Token,LLC31,No-Claim Token,LIT61PV,Private Sector Legal Entity,REU51UT,Utility Token,EMO92,Sale,EMS82IF,Inflationary,TCM72DS,Delegated Proof of Stake,RTA72,New Asset Token,N
54,Loopring,LRC,loopring,Aavneet,"An Ethereum token that describes itself as “an open-sourced, audited, and non-custodial exchange protocol.” It aims to allow anyone to build non-custodial, order book-based exchanges on Ethereum by leveraging zero-knowledge proofs.",EEP22TU02,Settlement and Access Token,EIN06DF01,"Decentralized Exchanges, Markets and Market Making",TTS42ET01,Ethereum ERC-20 Standard Token,LLC31,No-Claim Token,LIT61PV,Private Sector Legal Entity,REU51UT,Utility Token,EMO92,Sale,EMS82DF,Deflationary,TCM72DS,Proof of Work,RTA72,New Asset Token,N
55,Reserve Rights,RSR,reserve-rights-token,Jan,"Stable currency, a human right.",EEP22TU03,Settlement and Governance Token,EIN06PS,Payment Services and Infrastructure,TTS42ET01,Ethereum ERC-20 Standard Token,LLC31,No-Claim Token,LIT61PV,Private Sector Legal Entity,REU51UT,Utility Token,EMO92,Sale,EMS81,Fixed,TCM71PW,Proof of Work,RTA72,New Asset Token,N
56,WINkLink,WIN,wink,Magda,,EEP22TU02,Settlement and Access Token,EIN08ES,"Entertainment, Sports and Gaming",TTS42ET01,Ethereum ERC-20 Standard Token,LLC31,No-Claim Token,LIT62DL,Distributed Ledger Protocol,REU51UT,Utility Token,EMO92,Sale,EMS81,Fixed,TCM71PS,Proof of Stake,RTA72,New Asset Token,Y
57,Ocean Protocol,OCEAN,ocean-protocol,Prashant,,EEP22TU03,Settlement and Governance Token, EIN05DA05,"Other Software, Data Storage and Processing",TTS42ET01,Ethereum ERC-20 Standard Token,LLC31,No-Claim Token,LIT61PV,Private Sector Legal Entity,REU51UT,Utility Token,EMO92,Sale,EMS81,Fixed,TCM71PW,Proof of Work,RTA72,New Asset Token,N
58,GateToken,GT,gatechain-token,Aavneet,Unique exchange token of Gate.io exchange and the native token to Gatechain public chain.,EEP22TU02,Settlement and Access Token,EIN06EX,"Exchange, Trading and Settlement",TTS42ET01,Ethereum ERC-20 Standard Token,LLC31,No-Claim Token,LIT61PV,Private Sector Legal Entity,REU51UT,Utility Token,EMO92,Sale,EMS81,Fixed,TCM71PW,Proof of Work,RTA72,New Asset Token,N
59,Origin Protocol,OGN,origin-protocol,Albert,,EEP22TU03,Settlement and Governance Token,EIN06DF01,"Decentralized Exchanges, Markets and Market Making",TTS42ET01,Ethereum ERC-20 Standard Token,LLC31,No-Claim Token,LIT61PV,Private Sector Legal Entity,REU51UT,Utility Token,EMO92,Sale,EMS81,Fixed,TCM72PS,Proof of Work,RTA72,New Asset Token,N
60,Status,SNT,status,Marlene,"Secure messaging app, crypto wallet, and Web3 browser ",EEP22TU03,Settlement and Governance Token,EIN05MS,Media and Social Media,TTS42ET01,Ethereum ERC-20 Standard Token,LLC31,No-Claim Token,LIT61PV,Private Sector Legal Entity,REU51UT,Utility Token,EMO92,Sale,EMS82IF,Inflationary,TCM72DS,Proof of Work,RTA72,New Asset Token,N
61,WAX,WAXP,wax,Aavneet,,EEP22TU02,Settlement and Access Token,EIN06EX,"Exchange, Trading and Settlement",TTS42ET01,Ethereum ERC-20 Standard Token,LLC31,No-Claim Token,LIT61PV,Private Sector Legal Entity,REU51UT,Utility Token,EMO92,Sale,EMS81,Fixed,TCM72DS,Proof of Work,RTA72,New Asset Token,N
62,iExec RLC,RLC,iexec-rlc,Jan,iExec is the leading provider of blockchain-based decentralized computing. Blockchain is utilized to organize a market network where people can monetize their computing power as well as applications and even datasets.,EEP22TU02,Settlement and Access Token,EIN05DA03,"Cloud Computing, Distributed Systems, and Decentralized Applications",TTS42ET01,Ethereum ERC-20 Standard Token,LLC31,No-Claim Token,LIT61PV,Private Sector Legal Entity,REU51UT,Utility Token,EMO92,Sale,EMS81,Fixed,TCM71PW,Proof of Work,RTA72,New Asset Token,N
63,Alpha Finance Lab,ALPHA,alpha-finance,Nick,,EEP22NT01,Access Token,EIN06DF02,"Decentralized Lending, Saving and Asset Management",TTS42ET01,Ethereum ERC-20 Standard Token,LLC31,No-Claim Token,LIT61PV,Private Sector Legal Entity,REU51UT,Utility Token,EMO92,Sale,EMS81,Fixed,TCM71PW,Proof of Work,RTA72,New Asset Token,N
64,Augur,REP,augur,Nick,"Decentrelized prediction market that uses ""whistom of the crouds"", where users can create their own prediction markets.",EEP22TU02,Settlement and Access Token,EIN05MS,"Decentralized Data, Oracles and Infrastructure",TTS42ET01,Ethereum ERC-20 Standard Token,LLC31,No-Claim Token,LIT62AL,Application Layer Protocol,REU51UT,Utility Token,EMO92,Sale,EMS81,Fixed,TCM71PW,Proof of Work,RTA72,New Asset Token,N
65,Dent,DENT,dent,Albert,"Decentralized, blockchain-based mobile data providers",EEP22TU02,Settlement and Access Token,EIN05TC,Telecommunications and Communications,TTS42ET01,Ethereum ERC-20 Standard Token,LLC31,No-Claim Token,LIT61PV,Private Sector Legal Entity,REU51UT,Utility Token,EMO92,Sale,EMS81,Fixed,TCM72PS,Proof of Work,RTA72,New Asset Token,N
66,Orchid,OXT,orchid-protocol,Jan,Orchid offers a VPN Service powered by its own cryptocurrency OXT,EEP22TU02,Settlement and Access Token,EIN05DA02,"Cyber Security, Data Privacy, and Digital Identity",TTS42ET01,Ethereum ERC-20 Standard Token,LLC31,No-Claim Token,LIT61PV,Private Sector Legal Entity,REU51UT,Utility Token,EMO91,Reward,EMS81,Fixed,TCM71PW,Proof of Work,RTA72,New Asset Token,N
67,Injective Protocol,INJ,injective-protocol,Albert,Layer-2 DEX protocol focusing on derivative based DeFi products,EEP22TU03,Settlement and Governance Token,EIN06DF03,"Decentralized Derivatives, Synthetic Assets and Insurance",TTS42ET01,Ethereum ERC-20 Standard Token,LLC31,No-Claim Token,LIT62AL,Application Layer Protocol,REU51UT,Utility Token,EMO92,Sale,EMS82DF,Deflationary,Depends on the ledger,Depends on the ledger,RTA72,New Asset Token,Y
68,Wootrade,WOO,woo-network,Magda,Crypto exchange market.,EEP22TU03,Settlement and Governance Token,EIN06EX,"Exchange, Trading and Settlement",TTS42ET01,Ethereum ERC-20 Standard Token,LLC31,No-Claim Token,LIT61PV,Private Sector Legal Entity,REU51UT,Utility Token,EMO92,Sale,EMS81,Fixed,TCM71PW,Proof of Work,RTA72,New Asset Token,N
69,Swipe,SXP,swipe,Marlene,Card Payment Infrastructure for Cryptocurrencies,EEP22TU03,Settlement and Governance Token,EIN06PS,Payment Services and Infrastructure,TTS42ET01,Ethereum ERC-20 Standard Token,LLC31,No-Claim Token,LIT61PV,Private Sector Legal Entity,REU51UT,Utility Token,EMO92,Sale,EMS82DF,Deflationary,Depends on the ledger,Depends on the ledger,RTA72,New Asset Token,Y
70,Unibright,UBT,unibright,Aavneet,Utility Token needed for all products and services offered by UNIBright.,EEP22TU03,Settlement and Governance Token,EIN06PS,Payment Services and Infrastructure,TTS42ET01,Ethereum ERC-20 Standard Token,LLC31,No-Claim Token,LIT61PV,Private Sector Legal Entity,REU51UT,Utility Token,EMO92,Sale,EMS81,Fixed,TCM72PS,Proof of Work,RTA72,New Asset Token,Y
71,Numeraire,NMR,numeraire,Albert,Platform to build machine learning models to predict the stock market.,EEP22TU02,Settlement and Access Token,EIN05DA01,"Artificial Intelligence (AI), Predictive Analytics, and Big Data",TTS42ET01,Ethereum ERC-20 Standard Token,LLC31,No-Claim Token,LIT61PV,Private Sector Legal Entity,REU51UT,Utility Token,EMO91,Reward,EMS81,Fixed,TCM71PW,Proof of Work,RTA72,New Asset Token,N
72,Small Love Potion,SLP,smooth-love-potion,Aavneet,ERC-20 token accessible on the blockchain-powered Axie Infinity platform earned as rewards by users through gameplay.,EEP22TU03,Settlement and Governance Token,EIN08ES,"Entertainment, Sports and Gaming",TTS42ET01,Ethereum ERC-20 Standard Token,LLC31,No-Claim Token,LIT61PV,Private Sector Legal Entity,REU51UT,Utility Token,EM092,Reward,EMS81,Fixed,TCM71PW,Proof of Work,RTA72,New Asset Token,N
73,StormX,STMX,storm,Nick,StormX is a decentralised platform where online shoppers can earn crypto in shopping rewards.,EEP22TU02,Settlement and Access Token,EIN06PS,Payment Services and Infrastructure,TTS42ET01,Ethereum ERC-20 Standard Token,LLC31,No Claim Token,LIT61PV,Private Sector legal Entity,REU51UT,Utility Token,EMO92,Sale,EMS81,Fixed,TCM71PW,Proof of Work,RTA72,New Asset Token,N
74,FUNToken,FUN,funfair,Albert,Decentralized platform for the creation and/or licensing of online casinos on the blockchain.,EEP22TU02,Settlement and Access Token,EIN08BG,Betting and Gambling,TTS42ET01,Ethereum ERC-20 Standard Token,LLC31,No-Claim Token,LIT61PV,Private Sector Legal Entity,REU51UT,Utility Token,EMO92,Sale,EMS82DF,Deflationary,TCM71PW,Proof of Work,RTA72,New Asset Token,N
75,SingularityNET,AGIX,singularitynet,Marlene,Global AI Marketplace.,EEP22TU02,Settlement and Access Token,EIN05DA01,"Artificial Intelligence (AI), Predictive Analytics, and Big Data",TTS42ET01,Ethereum ERC-20 Standard Token,LLC31,No-Claim Token,LIT61PV,Private Sector Legal Entity,REU51UT,Utility Token,EMO92,Sale,EMS80,Fixed,TCM71PW,Proof of Work,RTA72,New Asset Token,N
76,ZB Token,ZB,zb-token,Nick,Exchange token that is used for the Zero Bank exchange,EEP22TU03,Settlement and Governance Token,EIN06EX,"Exchange, Trading and Settlement",TTS42ET01,Ethereum ERC-20 Standard Token,LLC31,No-Claim Token,LIT61PV,Private Sector Legal Entity,REU51UT,Utility Token,EMO91,Sale,EMS81,Fixed,TCM71PW,Proof of Work,RTA72,New Asset Token,N
77,Orbs,ORBS,orbs,Albert,Open blockchain to bring scalability to ethereum,EEP22TU03,Settlement and Governance Token,EIN05DA03,"Cloud Computing, Distributed Systems, and Decentralized Applications",TTS42ET01,Ethereum ERC-20 Standard Token,LLC31,No-Claim Token,LIT61PV,Private Sector Legal Entity,REU51UT,Utility Token,EMO92,Sale,EMS81,Fixed,TCM71PW,Proof of Work,RTA72,New Asset Token,Y
78,MCO,MCO,monaco,Magda,It is essentially a token for blockchain-based payment applications and trades under the symbol MCO.,EEP22TU02,Settlement and Access Token,EIN06PS,Payment Services and Infrastructure,TTS42ET01,Ethereum ERC-20 Standard Token,LLC31,No-Claim Token,LIT61PV,Private Sector Legal Entity,REU51UT,Utility Token,EMO92,Sale,EMS82IF,Inflationary,TCM71PW,Proof of Work,RTA72,New Asset Token,N
79,MVL,MVL,mass-vehicle-ledger,Aavneet,Mass Vehicle ledger addresses trust issues in the mobility industry and aims to provide with the help of blockchain and Ethereum's smart contracts. The MVL token is an ERC20 utility and reputation token on the Ethereum blockchain that has the aim to restore the trust in the mobility industry.,EEP22TU02,Settlement and Access Token,EIN05DA02,"Internet of Things (IoT), Smart Infrastructures, and Connectivity",TTS42ET01,Ethereum ERC-20 Standard Token,LLC31,No Claim Token,LIT61PV,Private Sector legal Entity,REU51UT,Utility Token,EMO92,Sale,EMS81,Fixed,TCM71PW,Proof of Work,RTA72,New Asset Token,N
80,Aragon,ANT,aragon,Nick,Aragon is used to maintain and create decentralized autonomous organizations (DAOs) on the Ethereum blockchain,EEP22TU03,Settlement and Governance Token,EIN05DA03,"Cloud Computing, Distributed Systems, and Decentralized Applications",TTS42ET01,Ethereum ERC-20 Standard Token,LLC31,No-Claim Token,LIT61PV,Private Sector Legal Entity,REU51UT,Utility Token,EMO92,Sale,EMS82IF,Inflationary,TCM71PS,Proof of Work,RTA72,New Asset Token,N
81,Civic,CVC,civic,Magda,Civic is a blockchain-based identity management solution that gives individuals and businesses the tools they need to control and protect personal identity information,EEP22TU02,Settlement and Access Token,EIN05DA04,"Cyber Security, Data Privacy, and Digital Identity",TTS42ET01,Etereum ERC-20 Standard Token,LLC31,No-Claim Token,LIT61PV,Private Sector Legal Entity,REU51UT,Utility Token,EMO92,Sale,EMS82IF,Inflationary,TCM71PW,Proof of Work,RTA72,New Asset Token,N
82,Ultra,UOS,ultra,Marlene,Entertainment platform providing a variety of games industry services ,EEP22TU01,Settlement Token,EIN08ES,"Entertainment, Sports and Gaming",TTS42ET01,Etereum ERC-20 Standard Token,LLC31,No-Claim Token,LIT61PV,Private Sector Legal Entity,REU51UT,Utility Token,EMO92,Sale,EMS81,Fixed,TCM71PW,Proof of Work,RTA72,New Asset Token,N
83,NuCypher,NU,nucypher,Nick,Cryptographic Infrastructure for Privacy-Preserving Applications,EEP22TU02,Settlement and Access Token,"
EIN05DA04","Cyber Security, Data Privacy, and Digital Identity",TTS42ET01,Etereum ERC-20 Standard Token,LLC31,No-Claim Token,LIT61PV,Private Sector Legal Entity,REU51,Utility Token,EMO91,Sale,EMS81,Fixed,TCM71PW,Proof Of Work,RTA72,New Asset Token,N
84,Metadium,META,metadium,Magda,"Metadium is a total identity management, convenient and secure device authentication via blockchain technology.",EEP22TU02,Settlement and Access token,EIN05DA04,"
Cyber Security, Data Privacy, and Digital Identity",TTS42ET01,Ethereum ERC-20 Standard Token,LLC31,No-Claim Token,LIT61PV,Private Sector Legal Entity,REU51UT,Utility Token,EMO92,Sale,EMS82IF,Inflationary,TCM71PW,Proof of Work,RTA72,New Asset Token,N
85,ZKSpace,ZKS,zkspace,Marlene,Layer-2 Token Swap Protocol based on ZK-Rollup,EEP22TU03,Settlement and Governance Token,EIN05DA03,"Cloud Computing, Distributed Systems, and Decentralized Applications",TTS42ET01,Ethereum ERC-20 Standard Token,LLC31,No-Claim Token,LIT61PV,Private Sector Legal Entity,REU51UT,Utility Token,EMO92,Sale,EMS82DF,Deflationary,TCM71PS,Proof of Stake,RTA72,New Asset Token,N
86,Ampleforth,AMPL,ampleforth,Aavneet,"Ampleforth operates a stablecoin called AMPL, and it adjusts the supply of AMPL managed by the software daily to maintain price parity with the U.S. dollar. ",EEP21PP01USD,USD-Pegged Payment Token,EIN06PS,Payment Services and Infrastructure,TTS42ET01,Ethereum ERC-20 Standard Token,LLC31,No-Claim Token,LIT61PV,Private Sector Legal Entity,REU51UT,Utility Token,EMO92,Sale,EMS82DF,Fixed,TCM71PW,Proof of Work,RTA72,New Asset Token,Y
87,Enzyme,MLN,melon,Jan,"Enzyme offers decentralized on-chain asset management which allows to set up, manage and invest in customized on-chain investment vehicles.",EEP22TU03,Settlement and Governance Token,EIN06DF02,"Decentralized Lending, Saving and Asset Management",TTS42ET01,Ethereum ERC-20 Standard Token,LLC31,No-Claim Token,LIT61PV,Private Sector Legal Entity,REU51UT,Utility Token,EMO91,Reward,EMS82IF,Inflationary,TCM71PW,Proof of Work,RTA72,New Asset Token,N
88,Balancer,BAL,balancer,Nick,Balancer is an AMM that allows liquidity pools with up to 8 tokens and weighted distribiution of them. This can result in less impermanent loss and more flexible liquidiy pools,EEP22TU03,Settlement and Governance Token,EIN06DF01,"Decentralized Exchanges, Markets and Market Making",TTS42ET01,Ethereum ERC-20 Standard Token,LLC31,No-Claim Token,LIT61PV,Private Sector Legal Entity,REU51UT,Utility Token,EMO91,Reward,EMS81,Fixed,TCM71PW,Proof of Work,RTA72,New Asset Token,N
89,Phala Network,PHA,pha,Albert,Decentralized cloud computing service by using excess capacity from everyday computer,EEP22TU03,Settlement and Governance Token,EIN05DA03,"Cloud Computing, Distributed Systems, and Decentralized Applications",TTS42ET01,Ethereum ERC-20 Standard Token,LLC31,No-Claim Token,LIT62AL,Application Layer Protocol,REU51UT,Utility Token,EMO91,Reward,EMS81,Fixed,TCM72ZZ,Other Hybrid,RTA72,New Asset Token,N
90,Hxro,HXRO,hxro,Magda,"Hxro is a cryptocurrency platform that offers perpetual, time-based digital derivatives markets",EEP22TU02,Settlement and Access token,EIN06EX,"Exchange, Trading and Settlement",TTS42ET01,Ethereum ERC-20 Standard Token,LLC31,No-Claim Token,LIT61PV,Private Sector Legal Entity,REU51UT,Utility Token,EMO92,Sale,EMS82IF,Inflationary,TCM71PW,Proof of Work,RTA72,New Asset Token,N
91,PAX Gold,PAXG,pax-gold,Jan,Paxo gold is an asset backed token which resembles a claim on one troy fine ounce of gold,EEP21PP02,Asset-Pegged Payment Token,EIN06DF02,"Decentralized Lending, Saving and Asset Management",TTS42ET01,Etereum ERC-20 Standard Token,LLC32,Relative Rights Token,LIT61PV,Private Sector Legal Entity,REU51ZZ,Other In-Scope Crypto Asset,EMO92,Sale,EMS82DC,Discretionary,TCM71PW,Proof of Work,RTA71,Conventional Asset Tokens,N
92,STASIS EURO,EURS,stasis-eurs,Magda,The EURS stablecoin combines the benefits of blockchain technology with the reputation and relative stability of the euro,EEP21PP01EUR,EUR-Pegged Payment Token,EIN06PS,Payment Services and Infrastructure,TTS42ET01,Etereum ERC-20 Standard Token,LLC32,Relative Rights Token,LIT61PV,Private Sector Legal Entity,REU51EM12,Non-Authorized Significant E-Money Token,EMO92,Sale,EMS82DC,Discretionary,TCM71PW,Proof of Work,RTA71,Conventional Asset Tokens,Y
93,Chromia,CHR,chromaway,Aavneet,"Chromia is a blockchain platform, making it easy for people to build decentralized apps in the real world, for a better world.",EEP22TU03,Settlement and Governance Token,EIN05DA03,"Cloud Computing, Distributed Systems, and Decentralized Applications",TTS42ET01,Ethereum ERC-20 Standard Token,LLC31,No-Claim Token,LIT61PV,Private Sector Legal Entity,REU51UT,Utility Token,EMO91,Sale,EMS81,Fixed,TCM72DS,Proof of Work,RTA72,New Asset Token,Y
94,Strike,STRK,strike,Jan,"Strike is a decentrelized lending pool, allowing users to deposit liquidity in strike pools",EEP22TU03,Settlement and Governance Token,EIN06DF02,"Decentralized Lending, Saving and Asset Management",TTS42ET01,Ethereum ERC-20 Standard Token,LLC31,No-Claim Token,LIT61PV,Private Sector Legal Entity,REU51UT,Utility Token,EMO93,Reward,EMS81,Fixed,TCM72DS,Proof of Work,RTA72,New Asset Token,Y
95,HEX,HEX,hex,Albert,The first blockchain certificate of deposit,EEP21UP,Unpegged Payment Token,EIN06PS,Payment Services and Infrastructure,TTS42ET01,Ethereum ERC-20 Standard Token,LLC31,No-Claim Token,LIT62DL,Distributed Ledger Protocol,REU51ZZ,Other In-Scope Crypto Asset,EMO93 ,Reward,EMS82IF,Inflationary,TCM72PS,Proof of Work,RTA72,New Asset Token,Y
96,botXcoin,BOTX,botxcoin,Magda,"Botxcoin aspire to bring Blockchain technology and products to the masses, advancing with trust",EEP22TU03,Settlement and Governance Token,EIN05DA03,"Cloud Computing, Distributed Systems, and Decentralized Applications",TTS42ET01,Ethereum ERC-20 Standard Token,LLC31,No-Claim Token,LIT61PV,Private Sector Legal Entity,REU51UT,Utility Token,EMO92,Sale,EMS82IF ,Inflationary,TCM71PW,Depends on the ledger,RTA72,New Asset Token,N
97,Fei USD,FEI,fei-usd,Marlene,DeFi native algorithmic stablecoin,EEP21PP01USD,USD-Pegged Payment Token,EIN06PS,Payment Services and Infrastructure,TTS42ET01,Ethereum ERC-20 Standard Token,LLC31,No-Claim Token,LIT61PV,Private Sector Legal Entity,REU51EM12,Non-Authorized Significant E-Money Token,EMO92,Sale,EMS82DC,Discretionary,Depends on the ledger,Depends on the ledger,RTA71,Conventional Asset Tokens,Y
98,Wrapped BNB,WBNB,wbnb,Jan,The native token of the Binance cryptocurrency exchange.,EEP22TU01,Settlement Token,EIN06DF05,Other Decentralized Finance (DeFi),TTS42ET01,Ethereum ERC-20 Standard Token,LLC31,No-Claim Token,LIT61PV,Private Sector Legal Entity,REU51UT,Utility Token,EMO94,Wrapping,EMS82DC,Discretionary,TCM71PW,Proof of Work,RTA72,New Asset Token,Y
99,Egoras,EGR,empty,Nick,Egoras is a micro-financing platforrm that offers non-colletorized credits to smaller firms.,EEP22TU03,Settlement and Governance Token,EIN06DF02,"Decentralized Lending, Saving and Asset Management",TTS42ET01,Ethereum ERC-20 Standard Token,LLC31,No-Claim Token,LIT61PV,Private Sector Legal Entity,REU51UT,Utility Token,EMO92,Sale,EM81,Fixed,TCM71PW,Proof of Work,RTA72,New Asset Token,N
100,Huobi BTC,HBTC,huobi-btc,Magda,Bitcoin is an innovative payment network and a new kind of money.,EEP21UP,Unpegged Payment Token,EIN06DF05,Other Decentralized Finance (DeFi),TTS42ET01,Ethereum ERC-20 Standard Token,LLC31,No-Claim Token,LIT61PV,Private Sector Legal Entity,REU51ZZ,Other In-Scope Crypto Asset,EMO94,Wrapping,EMS81,Fixed,TCM71PW,Proof of Work,RTA72,New Asset Token,Y
101,stETH (Lido),STETH,staked-ether,Marlene,Liquid staking solution for Ethereum,EEP23DV03,Other Derivative Token,EIN06DF02,"Decentralized Lending, Saving and Asset Management",TTS42ET01,Ethereum ERC-20 Standard Token,LLC31,No-Claim Token,LIT62AL,Application Layer Protocol,REU51ZZ,Other In-Scope Crypto Asset,EMO94,Wrapping,EMS82DC,Discretionary,TCM71PW,Proof of Work,RTA72,New Asset Token,N
102,Creditcoin,CTC,creditcoin-2,Aavneet,The Creditcoin Network is a public blockchain that creates a credit lending infrastructure allowing fintech lenders and microfinance providers greater access to capital while borrowers secure transactions on a groundbreaking immutable ledger with the Creditcoin token.,EEP22TU03,Settlement and Governance Token,EIN06DF02,"Decentralized Lending, Saving and Asset Management",TTS42ET01,Ethereum ERC-20 Standard Token,LLC31,No-Claim Token,LIT62AL,Application Layer Protocol,REU51UT,Utility Token,EMO92,Sale,EMS81,Fixed,TCM73BF02,Proof of Work,RTA72,New Asset Token,N
103,The Transfer Token,TTT,empty,Jan,We provide the best rates for overseas remittance and foreign currency exchange.,EEP22TU02,Settlement and Access token,EIN06EX,"Exchange, Trading and Settlement",TTS42ET01,Ethereum ERC-20 Standard Token,LLC31,No-Claim Token,LIT61PV,Private Sector Legal Entity,REU51UT,Utility Token,EMO92,Sale,EMS81,Fixed,TCM73BF02,Proof of Work,RTA72,New Asset Token,N
104,INO COIN,INO,empty,Nick,INO Coin is a decentrelized crowdfunding platform for Crypto oriented fundings like ICOs with its INO token governing the system,EEP22TU03,Settlement and Governance Token,EIN06DF02,"Decentralized Lending, Saving and Asset Management",TTS42ET01,Ethereum ERC-20 Standard Token,LLC31,No-Claim Token,LIT61PV,Private Sector Legal Entity,REU51UT,Utility Token,EMO92,Sale,EMS81,Fixed,TCM73BF02,Proof of Work,RTA72,New Asset Token,N
105,Liquity USD,LUSD,liquity-usd,Albert,USD-pegged stablecoin to pay out loan on Liquity protocol,EEP21PP01USD,USD-Pegged Payment Token,EIN06PS,Payment Services and Infrastructure,TTS42ET01,Ethereum ERC-20 Standard Token,LLC31,No-Claim Token,LIT61PV,Private Sector Legal Entity,REU51EM12,Non-Authorized Significant E-Money Token,EMO92,Sale,EMS82DC,Discretionary,TCM72PS,Proof of Work,RTA71,Conventional Asset Tokens,N
106,ECOMI,OMI,ecomi,Aavneet,"ECOMI is a technology company based in Singapore which aims to lead the way in the emerging digital collectibles space, as well as protection of digital assets.",EEP22TU03,Settlement and Governance Token,EIN06DF01,"Decentralized Exchanges, Markets and Market Making",TTS42ET01,Ethereum ERC-20 Standard Token,LLC31,No-Claim Token,LIT61PV,Private Sector Legal Entity,REU51UT,Utility Token,EMO92,Sale,EMS81,Fixed,TCM72DS,Proof of Work,RTA72,New Asset Token,N
107,Zelwin,ZLW,zelwin,Nick,"Zelwin is an online platform where, when buying something, you can earn Zelwin coins in reward and exchange them for other cryptocurrencies",EEP22TU01,Settlement Token,EIN04,"Manufacturing, Trade and Logistics",TTS42ET01,Ethereum ERC-20 Standard Token,LLC31,No-Claim Token,LIT61PV,Private Sector Legal Entity,REU51UT,Utility Token,EMO93,Reward,EMS81,Fixed,TCM72DS,Proof of Work,RTA72,New Asset Token,N
108,yOUcash,YOUC,youcash,Albert,Digital currency that powers decentralized and tokenized advertising platform (YouEngine),EEP22TU02,Settlement and Access Token,EIN05MS,Media and Social Media,TTS42ET01,Ethereum ERC-20 Standard Token,LLC31,No-Claim Token,LIT61PV,Private Sector Legal Entity,REU51UT,Utility Token,EMO92,Sale,EMS81,Fixed,TCM72PS,Proof of Work,RTA72,New Asset Token,N
109,Venus BNB,vBNB,empty,Magda,The native token of the Binance cryptocurrency exchange.,EEP22TU01,Settlement Token,EIN06DF05,Other Decentralized Finance (DeFi),TTS42ET01,Ethereum ERC-20 Standard Token,LLC31,No-Claim Token,LIT61PV,Private Sector Legal Entity,REU51UT,Utility Token,EMO94,Wrapping,EMS82DC,Discretionary,TCM71PS,Proof of Stake,RTA72,New Asset Token,N
110,Nexus Mutual,NXM,nxm,Aavneet,Get covered against smart contract failure & exchange hacks.,EEP22TU03,Settlement and Governance Token,EIN06DF05,Other Decentralized Finance (DeFi),TTS42ET01,Ethereum ERC-20 Standard Token,LLC31,No-Claim Token,LIT61PV,Private Sector Legal Entity,REU51UT,Utility Token,EMO92,Sale,EMS81,Fixed,TCM72DS,Proof of Work,RTA72,New Asset Token,Y
111,HedgeTrade,HEDG,hedgetrade,Nick,HedgeTrade aims to be a platform where traders share their knowledge. Traders post predictions into a smart contract-powered Blueprint that users can purchase or unlock in order to access,EEP22TU02,Settlement and Access Token,EIN05DA01,"Artificial Intelligence (AI), Predictive Analytics, and Big Data",TTS42ET01,Ethereum ERC-20 Standard Token,LLC31,No-Claim Token,LIT61PV,Private Sector Legal Entity,REU51UT,Utility Token,EMO91,Reward,EMS81,Fixed,TCM72DS,Proof of Work,RTA72,New Asset Token,N
112,TitanSwap,TITAN,titanswap,Albert,DEX and more governed by a DAO,EEP22TU03,Settlement and Governance Token,EIN06DF01,"Decentralized Exchanges, Markets and Market Making",TTS42ET01,Ethereum ERC-20 Standard Token,LLC31,No-Claim Token,LIT62AL,Application Layer Protocol,REU51UT,Utility Token,EMO91,Reward,EMS81,Fixed,TCM72PS,Proof of Work,RTA72,New Asset Token,N
113,Orbit Chain,ORC,orbit-chain,Magda,The Orbit project is building the de facto standard of blockchain in the world.,EEP22TU02,Settlement and Access Token,EIN06DF01,"Decentralized Exchanges, Markets and Market Making",TTS42ET01,Ethereum ERC-20 Standard Token,LLC31,No-Claim Token,LIT61PV,Private Sector Legal Entity,REU51UT,Utility Token,EMO92,Sale,EMS81,Fixed,TCM73BF03,other BFT,RTA72,New Asset Token,Y
114,"Perpetual Protocol (former ""strike"")",PERP,perpetual-protocol,Marlene,On-chain perpetual futures DEX,EEP22TU03,Settlement and Governance Token,EIN06DF03,"Decentralized Derivatives, Syntethic Assets and Insuarance",TTS42ET01,Ethereum ERC-20 Standard Token,LLC31,No-Claim Token,LIT61PV,Private Sector Legal Entity,REU51UT,Utility Token,EMO91,Reward,EMS81,Fixed,TCM72DS,Proof of Work,RTA72,New Asset Token,Y
115,Bitpanda Ecosystem Token,BEST,bitpanda-ecosystem-token,Aavneet,"BEST is a pure trade token (also known as a no-rights token) and therefore does not convey any claims or rights - however structured - beyond ownership rights of BEST. In particular, BEST does not convey or represent any rights, claims or entitlements on whatever legal basis, contingent or actual, against Bitpanda, any of its subsidiaries, any other participant of the Bitpanda Ecosystem or any other third parties.",EEP22TU02,Settlement and Access Token,EIN06EX,"Exchange, Trading and Settlement",TTS42ET01,Ethereum ERC-20 Standard Token,LLC31,No-Claim Token,LIT61PV,Private Sector Legal Entity,REU51UT,Utility Token,EMO92,Sale,EMS81,Fixed,TCM72DS,Proof of Work,RTA72,New Asset Token,N
116,sUSD,SUSD,nusd,Jan,sUSD is a synthetic USD token enabled by the Synthetix protocol. It tracks the price of the US Dollar through price feeds supplied by Chainlink’s decentralized network of oracles.,EEP21PP01USD,USD-Pegged Payment Token,EIN06PS,Payment Services and Infrastructure,TTS42ET01,Ethereum ERC-20 Standard Token,LLC31,No-Claim Token,LIT61PV,Private Sector Legal Entity,REU51EM12,Non-Authorized Significant E-Money Token,EMO96,Other,EMS82DC,Discretionary,TCM72PS,Proof of Work,RTA71,Conventional Asset Tokens,N
117,Frax,FRAX,frax,Nick,Frax is the first decentrelized stablecoin that utilizes both asset backed and algorithmic stability.,EEP21PP01USD,USD-Pegged Payment Token,EIN06PS,Payment Services and Infrastructure,TTS42ET01,Ethereum ERC-20 Standard Token,LLC31,No-Claim Token,LIT61PV,Private Sector Legal Entity,REU51EM12,Non-Authorized Significant E-Money Token,EMO96,Other,EMS82DC,Discretionary,TCM72PS,Proof of Work,RTA71,Conventional Asset Tokens,Y
118,Pundi X,PUNDIX,pundi-x-2,Albert,blockchain-based POS and P2P solution for retail,EEP22TU02,Settlement and Access Token,EIN06PS,Payment Services and Infrastructure,TTS42ET01,Ethereum ERC-20 Standard Token,LLC31,No-Claim Token,LIT61PV,Private Sector Legal Entity,REU51UT,Utility Token,EMO92,Sale,EMS82DF,Deflationary,TCM72PS,Proof of Work,RTA72,New Asset Token,N
119,KOK,KOK,kok,Magda,"‘KOK' is a decentralized digital content platform aimed to create a fair, open, and transparent ecosystem where creators receive equitable compensations and consumers can enjoy a diverse variety of contents.",EEP22TU03,Settlement and Governance Token,EIN05MS,Media and Social Media,TTS42ET01,Ethereum ERC-20 Standard Token,LLC31,No-Claim Token,LIT61PV,Private Sector Legal Entity,REU51UT,Utility Token,EMO92,Sale,EMS81,Fixed,TCM72PS,Proof of Work,RTA72,New Asset Token,N
120,Persistence,XPRT,persistence,Aavneet,Protocol powering Institutional Open Finance.,EEP22TU03,Settlement and Governance Token,EIN06DF02,"Decentralized Lending, Saving and Asset Management",TTS42ET01,Ethereum ERC-20 Standard Token,LLC31,No-Claim Token,LIT61PV,Private Sector Legal Entity,REU51UT,Utility Token,EMO92,Sale,EMS81,Fixed,TCM73BF02,Proof of Work,RTA72,New Asset Token,Y
121,Doctors Coin,DRS,empty,Magda,MEDICAL BEAUTY INFLUENCERS BEYOND BORDERS,EEP22TU01,Settlement Token,EIN05MS,Media and Social Media,TTS42ET01,Ethereum ERC-20 Standard Token,LLC31,No-Claim Token,LIT61PV,Private Sector Legal Entity,REU51UT,Utility Token,EMO92,Sale,EMS81,Fixed,TCM73BF02,Proof of Work,RTA72,New Asset Token,N
122,Tribe,TRIBE,tribe-2,Aavneet,"An Ethereum token that governs Fei Protocol, which issues a separate, decentralized stablecoin called FEI that attempts to maintain a value of US$1.00",EEP22TU03,Settlement and Governance Token,EIN06PS,Payment Services and Infrastructure,TTS42ET01,Ethereum ERC-20 Standard Token,LLC31,No-Claim Token,LIT61PV,Private Sector Legal Entity,REU51UT,Utility Token,EMO92,Sale,EMS81,Fixed,Depends on the ledger,Depends on the ledger,RTA72,New Asset Token,Y
123,Dawn Protocol,DAWN,dawn-protocol,Magda,Dawn is the original Esports token,EEP22TU03,Settlement and Governance Token,EIN08ES,"Entertainment, Sports and Gaming",TTS42ET01,Ethereum ERC-20 Standard Token,LLC31,No-Claim Token,LIT61PV,Private Sector Legal Entity,REU51UT,Utility Token,EMO92,Sale,EMS81,Fixed,TCM72DS,Proof of Work,RTA72,New Asset Token,N
124,Keep Network,KEEP,keep-network,Aavneet,"KEEP is an Ethereum token that powers the Keep Network, a platform that aims to bridge public blockchains and private data.",EEP22TU02,Settlement and Access Token,EIN05DA03,"Cloud Computing, Distributed Systems, and Decentralized Applications",TTS42ET01,Ethereum ERC-20 Standard Token,LLC31,No-Claim Token,LIT61PV,Private Sector Legal Entity,REU51UT,Utility Token,EMO92,Sale,EMS81,Fixed,TCM72DS,Proof of Work,RTA72,New Asset Token,Y
125,Alien Worlds,TLM,alien-worlds,Nick,"TLM is the native token of the Alien World, a game where players compete for Trilium (TLM), in a stimulated economy centered around planetary worlds. It runs on Ethereum, Binance Smart Chain and WAX.",EEP22TU03,Settlement and Governance Token,EIN08ES,"Entertainment, Sports and Gaming",TTS42ET01,Ethereum ERC-20 Standard Token,LLC31,No-Claim Token,LIT61PV,Private Sector Legal Entity,REU51UT,Utility Token,EMO91,Reward,EMS81,Fixed,Depends on the ledger,Depends on the ledger,RTA72,New Asset Token,Y
126,Sapphire,SAPP,sapphire,Albert,digital currency for games & other applications,EEP22TU02,Settlement and Access Token,EIN06PS,Payment Services and Infrastructure,TTS42ET01,Ethereum ERC-20 Standard Token,LLC31,No-Claim Token,LIT61PV,Private Sector Legal Entity,REU51UT,Utility Token,EMO93 ,Reward,EMS81,Fixed,TCM71PS,Proof of Stake,RTA72,New Asset Token,N
127,MATH,MATH,math,Magda,The multichain wallet for web 3.0,EEP22TU02,Settlement and Access Token, EIN05DA05,"Other Software, Data Storage and Processing",TTS42ET01,Ethereum ERC-20 Standard Token,LLC31,No-Claim Token,LIT61PV,Private Sector Legal Entity,REU51UT,Utility Token,EMO92,Sale,EMS81,Fixed,TCM72DS,Proof of Work,RTA72,New Asset Token,Y
128,Orion Protocol,ORN,orion-protocol,Aavneet,"The Orion Protocol will aggregate the liquidity, order book depth, and price discovery from every centralized and decentralized digital asset market.",EEP22TU03,Settlement and Governance Token, EIN06DF02,"Decentralized Lending, Saving and Asset Management",TTS42ET01,Ethereum ERC-20 Standard Token,LLC31,No-Claim Token,LIT61PV,Private Sector Legal Entity,REU51UT,Utility Token,EMO91,Reward,EMS81,Fixed,TCM73BF02,Proof of Work,RTA72,New Asset Token,Y
129,inSure DeFi,SURE,insure,Natalie,Insure Your Crypto Portfolio,EEP22TU02,Settlement and Access Token,EIN06DF03,"Decentralized Derivatives, Synthetic Assets and Insurance",TTS42ET01,Ethereum ERC-20 Standard Token,LLC31,No-Claim Token,LIT61PV,Private Sector Legal Entity,REU51UT,Utility Token,EMO92,Sale,EMS81,Fixed,TCM73BF02,Proof of Work,RTA72,New Asset Token,Y
130,Rakon,RKN,empty,Nick,"Raken network aims to provide a decentrelized alternative for satellites, navigation and communication systems with RKN powering their smart contracts.",EEP22TU03,Settlement and Governance Token,EIN05TC,Telecommunications and Communications,TTS42ET01,Ethereum ERC-20 Standard Token,LLC31,No-Claim Token,LIT61PV,Private Sector Legal Entity,REU51UT,Utility Token,EMO91,Reward,EMS81,Fixed,TCM72DS,Proof-of-Work,RTA72,New Asset Token,N
131,Ampleforth Governance Token,FORTH,ampleforth-governance-token,Aavneet,"Forth is a new governance token that completes the Ample ecosystem by putting control of the protocol in the hands of the community. Using the Forth token, holders will be able to vote on changes to the protocol.",EEP22TU03,Settlement and Governance Token,EIN06PS,Payment Services and Infrastructure,TTS42ET01,Ethereum ERC-20 Standard Token,LLC31,No-Claim Token,LIT61PV,Private Sector Legal Entity,REU51UT,Utility Token,EMO91,Reward,EMS81,Fixed,TCM72DS,Proof-of-Work,RTA72,New Asset Token,N
132,Linear,LINA,linear,Albert,DeFi protocol for synthetic asset with cross-chain capabilities,EEP22TU03,Settlement and Governance Token,EIN06DF01,"Decentralized Exchanges, Markets and Market Making",TTS42ET01,Ethereum ERC-20 Standard Token,LLC31,No-Claim Token,LIT61PV,Private Sector Legal Entity,REU51UT,Utility Token,EMO93 ,Reward,EMS82IF,Inflationary,TCM72PS,Proof of Work,RTA72,New Asset Token,Y
133,Rocket Pool,RPL,rocket-pool,Aavneet,The protocol's liquid staking token. The rETH token represents an amount of ETH that is being staked and earning rewards within Ethereum Proof-of-Stake.,EEP22TU03,Settlement and Governance Token,EIN05DA03,"Cloud Computing, Distributed Systems, and Decentralized Applications",TTS42ET01,Ethereum ERC-20 Standard Token,LLC31,No-Claim Token,LIT61PV,Private Sector Legal Entity,REU51UT,Utility Token,EMO91,Reward,EMS81,Fixed,TCM72DS,Proof-of-Work,RTA72,New Asset Token,Y
134,Cream Finance,CREAM,cream-2,Natalie,,EEP22NT02,Governance Token,EIN06DF02,"Decentralized Lending, Saving and Asset Management",TTS42ET01,Ethereum ERC-20 Standard Token,LLC31,No-Claim Token,LIT62AL,Application Layer Protocol,REU51UT,Utility Token,EMO91,Reward,EMS81,Fixed,TCM72DS,Proof-of-Work,RTA72,New Asset Token,Y
135,DFI.Money,YFII,yfii-finance,Nick,"Started as a hard fork of Yearn Finace, it enables the same fuinctionality with some other features and the avadibility to mine and farm the YFII token.",EEP22NT02,Governance Token,EIN06DF02,"Decentralized Lending, Saving and Asset Management",TTS42ET01,Ethereum ERC-20 Standard Token,LLC31,No-Claim Token,LIT62AL,Application Layer Protocol,REU51UT,Utility Token,EMO91,Reward,EMS81,Fixed,TCM73BF02,Proof of Work,RTA72,New Asset Token,N
136,CRYPTO20,C20,empty,Aavneet,The world's first tokenized crypto index fund.,EEP23FD,Fund Token,EIN06AM,Investment and Asset Management,TTS42ET01,Ethereum ERC-20 Standard Token,LLC31,No-Claim Token,LIT61PV,Private Sector Legal Entity,REU51UT,Utility Token,EMO92,Sale,EMS81,Fixed,TCM73BF02,Proof of Work,RTA72,New Asset Token,N
137,Radix,EXRD,e-radix,Natalie,,EEP22TU03,Settlement and Governance Token,EIN05DA03,"Cloud Computing, Distributed Systems, and Decentralized Applications",TTS42ET01,Ethereum ERC-20 Standard Token,LLC31,No-Claim Token,LIT61PV,Private Sector Legal Entity,REU51UT,Utility Token,EMO92,Sale,EMS81,Fixed,TCM73BF03,Other BFT (Tendermint),RTA72,New Asset Token,N
138,dKargo,DKA,dkargo,Nick,DKA is the native token powering the dKargo network enabling logistic tracing,EEP22TU02,Settlement and Access Token,EIN04,"Manufacturing, Trade and Logistics",TTS42ET01,Ethereum ERC-20 Standard Token,LLC31,No-Claim Token,LIT61PV,Private Sector Legal Entity,REU51UT,Utility Token,EMO91,Reward,EMS81,Fixed,TCM73BF02,Proof of Work,RTA72,New Asset Token,N
139,DODO,DODO,dodo,Albert,"decentralized exchange platform powered by the Proactive Market Maker (PMM) algorithm, with other functionalities",EEP22TU03,Settlement and Governance Token,EIN06DF01,"Decentralized Exchanges, Markets and Market Making",TTS42ET01,Ethereum ERC-20 Standard Token,LLC31,No-Claim Token,LIT61PV,Private Sector Legal Entity,REU51UT,Utility Token,EMO92,Sale,EMS81,Fixed,TCM72PS,Proof of Work,RTA72,New Asset Token,Y
140,Metal DAO,MTL,metal,Aavneet,Metal is built on the Ethereum Blockchain and provides its users with the facility to convert their fiat currencies into cryptocurrencies and vice-versa.,EEP22TU01,Settlement Token,EIN06PS,Payment Services and Infrastructure,TTS42ET01,Ethereum ERC-20 Standard Token,LLC31,No-Claim Token,LIT61PV,Private Sector Legal Entity,REU51UT,Utility Token,EMO92,Sale,EMS81,Fixed,TCM73BF02,Proof of Work,RTA72,New Asset Token,N
141,Travala,AVA,concierge-io,Nick,Travala is the first blockchain based travel booking platform ,EEP22TU03,Settlement and Governance Token,EIN08RT,"Recreation, Travel, Accomodation and Food Services",TTS42ET01,Ethereum ERC-20 Standard Token,LLC31,No-Claim Token,LIT61PV,Private Sector Legal Entity,REU51UT,Utility Token,EMO92,Sale,EMS81,Fixed,TCM73BF02,Proof of Work,RTA72,New Asset Token,Y
142,QuarkChain,QKC,quark-chain,Albert,"multi-layer, permissionless blockchain for peer-to-peer transactions",EEP22TU03,Settlement and Governance Token,EIN05DA03,"Cloud Computing, Distributed Systems, and Decentralized Applications",TTS42ET01,Ethereum ERC-20 Standard Token,LLC31,No-Claim Token,LIT61PV,Private Sector Legal Entity,REU51UT,Utility Token,EMO92,Sale,EMS81,Fixed,TCM71ZZ,Other Proof based,RTA72,New Asset Token,N
143,LUKSO,LYXE,lukso-token,Marlene,Blockchain for the New Creative Economy,EEP22TU01,Settlement Token,EIN05DA03,"Cloud Computing, Distributed Systems, and Decentralized Applications",TTS42ET01,Ethereum ERC-20 Standard Token,LLC31,No-Claim Token,LIT61PV,Private Sector Legal Entity,REU51UT,Utility Token,EMO92,Sale,EMS81,Fixed,TCM73BF02,Proof of Work,RTA72,New Asset Token,N
144,Gala,GALA,gala,Nick,,EEP22TU03,Settlement and Governance Token,EIN08ES,"Entertainment, Sports and Gaming",TTS42ET01,Ethereum ERC-20 Standard Token,LLC31,No-Claim Token,LIT61PV,Private Sector Legal Entity,REU51UT,Utility Token,EMO92,Sale,EMS82IF,Inflationary,TCM73BF02,Proof of Work,RTA72,New Asset Token,Y
145,ZEON Network,ZEON,zeon,Nick,ZEON is a DeFi platform that offers crypto backed loans and interest on digital deposits,EEP22TU03,Settlement and Governance Token, EIN06DF02,"Decentralized Lending, Saving and Asset Management",TTS42ET01,Ethereum ERC-20 Standard Token,LLC31,No-Claim Token,LIT61PV,Private Sector Legal Entity,REU51UT,Utility Token,EMO91,Reward,EMS82DF,Deflationary,TCM73BF02,Proof of Work,RTA72,New Asset Token,N
146,Tokenlon Network Token,LON,tokenlon,Albert,decentralized exchange and payment settlement protocol based on Ethereum blockchain technology,EEP22TU03,Settlement and Governance Token,EIN06DF01,"Decentralized Exchanges, Markets and Market Making",TTS42ET01,Ethereum ERC-20 Standard Token,LLC31,No-Claim Token,LIT61PV,Private Sector Legal Entity,REU51UT,Utility Token,EMO93 ,Reward,EMS81,Fixed,TCM72PS,Proof of Work,RTA72,New Asset Token,N
147,Wrapped NXM,WNXM,wrapped-nxm,Jan,,EEP22TU03,Settlement and Governance Token,EIN06DF05,Other Decentralized Finance (DeFi),TTS42ET01,Ethereum ERC-20 Standard Token,LLC31,No-Claim Token,LIT61PV,Private Sector Legal Entity,REU51UT,Utility Token,EMO92,Sale,EMS81,Fixed,TCM72DS,Proof of Work,RTA72,New Asset Token,Y
148,MyNeighborAlice,ALICE,my-neighbor-alice,Marlene,Farming-themed play-to-earn builder game,EEP22TU02,Settlement and Access Token,EIN08ES,"Entertainment, Sports and Gaming",TTS42ET01,Ethereum ERC-20 Standard Token,LLC31,No-Claim Token,LIT61PV,Private Sector Legal Entity,REU51UT,Utility Token,EMO92,Sale,EMS81,Fixed,TCM72PS,Proof of Work,RTA72,New Asset Token,Y
149,Populous,PPT,populous,Nick,Populous is based on Ethereum and offers the securitization of not yet payed invoices,EEP22TU03,Settlement and Governance Token,EIN06ZZ,Other Finance and Insurance,TTS42ET01,Ethereum ERC-20 Standard Token,LLC31,No-Claim Token,LIT61PV,Private Sector Legal Entity,REU51UT,Utility Token,EMO92,Sale,EMS81,Fixed,TCM73BF02,Proof of Work,RTA72,New Asset Token,N
150,Gitcoin,GTC,gitcoin,Marlene,Build & fund public goods,EEP22TU03,Settlement and Governance Token,EIN09,"Public Administration, Education, Healthcare and Social Assistance",TTS42ET01,Ethereum ERC-20 Standard Token,LLC31,No-Claim Token,LIT61PV,Private Sector Legal Entity,REU51UT,Utility Token,EMO91,Reward,EMS81,Fixed,TCM73BF02,Proof of Work,RTA72,New Asset Token,Y
151,Bytom,BTM,bytom,Aavneet,Bytom is a cryptocurrency that describes itself as a protocol for asset management.,EEP22TU03,Settlement and Governance Token,EIN06DF02,"Decentralized Lending, Saving and Asset Management",TTS42ET01,Ethereum ERC-20 Standard Token,LLC31,No-Claim Token,LIT61PV,Private Sector Legal Entity,REU51UT,Utility Token,EMO92,Sale,EMS81,Fixed,TCM73BF02,Proof of Work,RTA72,New Asset Token,N
152,Rally,RLY,rally-2,Nick,"Rally allows influencers, authors and other people to issue their own personal token for their community.",EEP22TU03,Settlement and Governance Token,EIN05MS,Media and Social Media,TTS42ET01,Ethereum ERC-20 Standard Token,LLC31,No-Claim Token,LIT61PV,Private Sector Legal Entity,REU51UT,Utility Token,EMO93,Airdrop,EMS81,Fixed,TCM73BF02,Proof of Work,RTA72,New Asset Token,N
153,BarnBridge,BOND,barnbridge,Jan,A fluctuations derivatives protocol for hedging yield sensitivity and market price.,EEP22TU03,Settlement and Governance Token,EIN06DF02,"Decentralized Lending, Saving and Asset Management",TTS42ET01,Ethereum ERC-20 Standard Token,LLC31,No-Claim Token,LIT61PV,Private Sector Legal Entity,REU51UT,Utility Token,EMO92,Sale,EMS81,Fixed,TCM73BF02,Proof of Work,RTA72,New Asset Token,N
154,Utrust,UTK,utrust,Marlene,Web3 L1 payments technology,EEP22TU01,Settlement Token,EIN06PS,Payment Services and Infrastructure,TTS42ET01,Ethereum ERC-20 Standard Token,LLC31,No-Claim Token,LIT61PV,Private Sector Legal Entity,REU51UT,Utility Token,EMO92,Sale,EMS81,Fixed,TCM73BF02,Proof of Work,RTA72,New Asset Token,Y
155,Convex Curve,CVXCRV,convex-crv,Noah,Liquid Locked CRV,EEP23DV03,Other Derivative Token,,,TTS42ET01,Ethereum ERC-20 Standard Token,,,,,REU51ZZ,Other In-Scope Crypto Asset,,,,,,,,,
156,Toncoin,TON,the-open-network,Noah,Telegram Alt-L1 Token,EEP22TU01,Settlement Token,,,TTS42ET01,Ethereum ERC-20 Standard Token,,,,,REU51UT,Utility Token,,,,,,,,,
157,Lido DAO,LDO,lido-dao,Noah,Lido DAO Governance Token,EEP22NT02,Governance Token,,,TTS42ET01,Ethereum ERC-20 Standard Token,,,,,REU51UT,Utility Token,,,,,,,,,
158,ApeCoin,APE,apecoin,Noah,ape dao token,EEP22TU03,Settlement and Governance Token,,,TTS42ET01,Ethereum ERC-20 Standard Token,,,,,REU51UT,Utility Token,,,,,,,,,
159,ImmutableX,IMX,immutable-x,Noah,nft focused L2 native token,EEP22TU03,Settlement and Governance Token,,,TTS42ET01,Ethereum ERC-20 Standard Token,,,,,REU51UT,Utility Token,,,,,,,,,
160,Pax Dollar,USDP,paxos-standard,Noah,usd stable coin,EEP21PP01USD,USD-Pegged Payment Token,,,TTS42ET01,Ethereum ERC-20 Standard Token,,,,,EEP21,Non-Authorized Significant E-Money Token,,,,,,,,,
161,USDD,USDD,usdd,Noah,usd stable coin,EEP21PP01USD,USD-Pegged Payment Token,,,TTS42ET01,Ethereum ERC-20 Standard Token,,,,,EEP21,Non-Authorized Significant E-Money Token,,,,,,,,,
162,Frax Share,FXS,frax-share,Noah,Frax DAO token,EEP22TU03,Settlement and Governance Token,,,TTS42ET01,Ethereum ERC-20 Standard Token,,,,,REU51UT,Utility Token,,,,,,,,,
163,BitDAO,BIT,bitdao,Noah,governance of investment DAO,EEP22NT02,Governance Token,,,TTS42ET01,Ethereum ERC-20 Standard Token,,,,,REU51UT,Utility Token,,,,,,,,,
164,cUSDc,CUSDC,compound-usd-coin,Noah,compounding loaned usdc,EEP23DV03,Other Derivative Token,,,TTS42ET01,Ethereum ERC-20 Standard Token,,,,,REU51ZZ,Other In-Scope Crypto Asset,,,,,,,,,
165,cDAI,CDAI,cdai,Noah,compounding loaned DAI,EEP23DV03,Other Derivative Token,,,TTS42ET01,Ethereum ERC-20 Standard Token,,,,,REU51ZZ,Other In-Scope Crypto Asset,,,,,,,,,
166,WhiteBIT Token,WBT,whitebit,Noah,CEX discount token,EEP22TU02,Settlement and Access Token,,,TTS42ET01,Ethereum ERC-20 Standard Token,,,,,REU51UT,Utility Token,,,,,,,,,
167,Bitget Token,BGB,bitget-token,Noah,CEX discount token,EEP22TU02,Settlement and Access Token,,,TTS42ET01,Ethereum ERC-20 Standard Token,,,,,REU51UT,Utility Token,,,,,,,,,
168,TKX,TKX,tokenize-xchange,Noah,CEX discount token,EEP22TU02,Settlement and Access Token,,,TTS42ET01,Ethereum ERC-20 Standard Token,,,,,REU51UT,Utility Token,,,,,,,,,
169,XAUT,XAUT,tether-gold,Noah,gold pegged token,EEP21PP02,Asset-Pegged Payment Token,,,TTS42ET01,Ethereum ERC-20 Standard Token,,,,,REU51ZZ,Other In-Scope Crypto Asset,,,,,,,,,
170,Convex Finance,CVX,convex-finance,Noah,Convex native platform token,EEP22TU03,Settlement and Governance Token,,,TTS42ET01,Ethereum ERC-20 Standard Token,,,,,REU51UT,Utility Token,,,,,,,,,
171,cETH,CETH,compound-ether,Noah,compounding loaned eth,EEP23DV03,Other Derivative Token,,,TTS42ET01,Ethereum ERC-20 Standard Token,,,,,REU51ZZ,Other In-Scope Crypto Asset,,,,,,,,,
172,BTSE Token,BTSE,btse-token,Noah,CEX discount token,EEP22TU02,Settlement and Access Token,,,TTS42ET01,Ethereum ERC-20 Standard Token,,,,,REU51UT,Utility Token,,,,,,,,,
173,FLOKI,FLOKI,floki,Noah,,EEP22TU02,Settlement and Access Token,,,TTS42ET01,Ethereum ERC-20 Standard Token,,,,,,,,,,,,,,,
174,Bone ShibaSwap,BONE,bone-shibaswap,Noah,,,,,,TTS42ET01,Ethereum ERC-20 Standard Token,,,,,,,,,,,,,,,
175,Baby Doge Coin,BABYDOGE,baby-doge-coin,Noah,,,,,,TTS42ET01,Ethereum ERC-20 Standard Token,,,,,,,,,,,,,,,
176,Ethereum Name Service,ENS,ethereum-name-service,Noah,ENS DAO Token,EEP22NT02,Governance Token,,,TTS42ET01,Ethereum ERC-20 Standard Token,,,,,,,,,,,,,,,
177,Rocket Pool ETH,RETH,rocket-pool-eth,Noah,staked eth,EEP23DV03,Other Derivative Token,,,TTS42ET01,Ethereum ERC-20 Standard Token,,,,,,,,,,,,,,,
178,dYdX,DYDX,dydx,Noah,DEX native token,EEP22TU03,Settlement and Governance Token,,,TTS42ET01,Ethereum ERC-20 Standard Token,,,,,,,,,,,,,,,
179,Magic,MAGIC,magic,Noah,gaming ecosystem native token,EEP22TU03,Settlement and Governance Token,,,TTS42ET01,Ethereum ERC-20 Standard Token,,,,,,,,,,,,,,,
180,Olympus,OHM,olympus,Noah,speculative 'stable' coin,EEP21UP,Unpegged Payment Token,,,TTS42ET01,Ethereum ERC-20 Standard Token,,,,,,,,,,,,,,,
181,SSV Network,SSV,ssv-network,Noah,eth staking infrastructure provider,EEP22NT02,Governance Token,,,TTS42ET01,Ethereum ERC-20 Standard Token,,,,,,,,,,,,,,,
182,DAO Maker,DAO,dao-maker,Noah,Launchpad access & governance token,EEP22NT02,Governance Token,,,TTS42ET01,Ethereum ERC-20 Standard Token,,,,,,,,,,,,,,,
183,Gains Farm,GFARM2,gains-farm,Noah,goal to become DAO & fee distributing but bridget to Polygon as new token $GNS so not on ETH anymore,,,,,TTS42ET01,Ethereum ERC-20 Standard Token,,,,,,,,,,,,,,,
184,Astrafer,ASTRAFER,astrafer,Noah,web3 game utility token,EEP22TU03,Settlement and Governance Token,,,TTS42ET01,Ethereum ERC-20 Standard Token,,,,,,,,,,,,,,,
185,Blur,BLUR,blur,Noah,pro-nft marketplace,EEP22NT02,Governance Token,,,TTS42ET01,Ethereum ERC-20 Standard Token,,,,,,,,,,,,,,,
186,Mask Network,MASK,mask-network,Noah,web3 social infrastructure (twitter),EEP22NT02,Governance Token,,,TTS42ET01,Ethereum ERC-20 Standard Token,,,,,,,,,,,,,,,
187,JasmyCoin,JASMY,jasmycoin,Noah,IoT Data infrastructure?,EEP22TU01,Settlement Token,,,TTS42ET01,Ethereum ERC-20 Standard Token,,,,,,,,,,,,,,,
188,Blox,CDT,blox,Noah,eth staking provider built on SSV,OLD SSV token https://ssv.network/blog/technology/cdt-ssv-upgrade/,,,,TTS42ET01,Ethereum ERC-20 Standard Token,,,,,,,,,,,,,,,
189,Escoin,ELG,escoin-token,Noah,,,,,,TTS42ET01,Ethereum ERC-20 Standard Token,,,,,,,,,,,,,,,
190,Euro Tether,EURT,tether-eurt,Noah,,,,,,TTS42ET01,Ethereum ERC-20 Standard Token,,,,,,,,,,,,,,,
191,Artificial Liquid Intelligence,ALI,alethea-artificial-liquid-intelligence-token,Noah,,,,,,TTS42ET01,Ethereum ERC-20 Standard Token,,,,,,,,,,,,,,,
192,Onyxcoin,XCN,chain-2,Noah,,EEP22TU01,Settlement Token,,,TTS42ET01,Ethereum ERC-20 Standard Token,,,,,,,,,,,,,,,
193,Synapse,SYN,synapse-2,Noah,,,,,,TTS42ET01,Ethereum ERC-20 Standard Token,,,,,,,,,,,,,,,
194,STEPN,GMT,stepn,Noah,,EEP22TU03,Settlement and Governance Token,,,TTS42ET01,Ethereum ERC-20 Standard Token,,,,,,,,,,,,,,,
195,Coinmetro,XCM,coinmetro,Noah,,,,,,TTS42ET01,Ethereum ERC-20 Standard Token,,,,,,,,,,,,,,,
196,Biconomy,BICO,biconomy,Noah,,,,,,TTS42ET01,Ethereum ERC-20 Standard Token,,,,,,,,,,,,,,,
197,Dogelon Mars,ELON,dogelon-mars,Noah,,EEP21UP,Unpegged Payment Token,,,TTS42ET01,Ethereum ERC-20 Standard Token,,,,,,,,,,,,,,,
198,Everscale,EVER,everscale,Noah,,,,,,TTS42ET01,Ethereum ERC-20 Standard Token,,,,,,,,,,,,,,,
199,FLEX Coin,FLEX,flex-coin,Noah,,,,,,TTS42ET01,Ethereum ERC-20 Standard Token,,,,,,,,,,,,,,,
200,Multichain,MULTI,multichain,Noah,,,,,,TTS42ET01,Ethereum ERC-20 Standard Token,,,,,,,,,,,,,,,
201,CyberVein,CVT,cybervein,Noah,big data solution - DEAD,EEP22TU02,Settlement and Access Token,,,TTS42ET01,Ethereum ERC-20 Standard Token,,,,,,,,,,,,,,,
202,DxChain Token,DX,dxchain,Noah,alt network,EEP22TU03,Settlement and Governance Token,,,TTS42ET01,Ethereum ERC-20 Standard Token,,,,,,,,,,,,,,,
203,Kleros,PNK,kleros,Noah,decentralized dispute infrastructure,EEP22TU03,Settlement and Governance Token,,,TTS42ET01,Ethereum ERC-20 Standard Token,,,,,,,,,,,,,,,
204,Syntropy,NOIA,noia-network,Noah,decentralized web infrastructure,EEP22TU01,Settlement Token,,,TTS42ET01,Ethereum ERC-20 Standard Token,,,,,,,,,,,,,,,
205,TrustSwap,SWAP,trustswap,Noah,b2b token services & launchpad,EEP22TU02,Settlement and Access Token,,,TTS42ET01,Ethereum ERC-20 Standard Token,,,,,,,,,,,,,,,
206,Keep3rV1,KP3R,keep3rv1,Noah,web3 job market,EEP22TU03,Settlement and Governance Token,,,TTS42ET01,Ethereum ERC-20 Standard Token,,,,,,,,,,,,,,,
207,Streamr,DATA,streamr,,data transport layer,EEP22TU03,Settlement and Governance Token,,,TTS42ET01,Ethereum ERC-20 Standard Token,,,,,,,,,,,,,,,
208,XYO,XYO,xyo-network,,oracle,EEP22TU01,Settlement Token,,,TTS42ET01,Ethereum ERC-20 Standard Token,,,,,,,,,,,,,,,
209,DigitalBits,XDB,digitalbits,,,EEP22TU01,Settlement Token,,,TTS42ET01,Ethereum ERC-20 Standard Token,,,,,,,,,,,,,,,
210,Request,REQ,request-network,,payment requests / invoicing,EEP22TU03,Settlement and Governance Token,,,TTS42ET01,Ethereum ERC-20 Standard Token,,,,,,,,,,,,,,,
211,GensoKishi Metaverse,MV,gensokishis-metaverse,,open world web3 game,EEP22TU03,Settlement and Governance Token,,,TTS42ET01,Ethereum ERC-20 Standard Token,,,,,,,,,,,,,,,
212,Freeway Token,FWT,freeway,,withdrawals halted,EEP22NT01,Access Token,,,TTS42ET01,Ethereum ERC-20 Standard Token,,,,,,,,,,,,,,,
213,OriginTrail,TRAC,origintrail,,,,,,,,,,,,,,,,,,,,,,,
214,Pundi X,NPXS,pundi-x,,blockchain-based POS and P2P solution for retail,EEP22TU02,Settlement and Access Token,EIN06PS,Payment Services and Infrastructure,TTS42ET01,Ethereum ERC-20 Standard Token,LLC31,No-Claim Token,LIT61PV,Private Sector Legal Entity,REU51UT,Utility Token,EMO92,Sale,EMS82DF,Deflationary,TCM72PS,Proof of Work,RTA72,New Asset Token,N
215,The Midas Touch Gold,TMTG,the-midas-touch-gold,,,,,,,,,,,,,,,,,,,,,,,
216,Power Ledger,POWR,power-ledger,,,,,,,,,,,,,,,,,,,,,,,
217,ShareToken,SHR,sharering,,,,,,,,,,,,,,,,,,,,,,,
218,AdEx Network,ADX,adex,,,,,,,,,,,,,,,,,,,,,,,
219,LTO Network,LTO,lto-network,,,,,,,,,,,,,,,,,,,,,,,
220,DIA,DIA,dia-data,,,,,,,,,,,,,,,,,,,,,,,
221,xDai,STAKE,xdai-stake,,,,,,,,,,,,,,,,,,,,,,,
222,SOLVE,SOLVE,solve-care,,,,,,,,,,,,,,,,,,,,,,,
223,Tellor,TRB,tellor,,,,,,,,,,,,,,,,,,,,,,,
224,ExtStock Token,XT,xtcom-token,,,,,,,,,,,,,,,,,,,,,,,
225,MINDOL,MIN,mindol,,,,,,,,,,,,,,,,,,,,,,,
226,IZE,IZE,ize,,,,,,,,,,,,,,,,,,,,,,,
227,Homeros,HMR,homeros,,,,,,,,,,,,,,,,,,,,,,,
228,Chimpion,BNANA,banana-token,,,,,,,,,,,,,,,,,,,,,,,
229,Empty Set Dollar,ESD,empty-set-dollar,,,,,,,,,,,,,,,,,,,,,,,
230,Idea Chain Coin,ICH,ideachain,,,,,,,,,,,,,,,,,,,,,,,
231,Strong,STRONG,strong,,,,,,,,,,,,,,,,,,,,,,,
232,Tap,XTP,tap,,,,,,,,,,,,,,,,,,,,,,,
233,GNY,GNY,gny,,,,,,,,,,,,,,,,,,,,,,,
234,BTU Protocol,BTU,btu-protocol,,,,,,,,,,,,,,,,,,,,,,,
235,Poseidon Network,QQQ,qqq-token,,,,,,,,,,,,,,,,,,,,,,,
236,Hegic,HEGIC,hegic,,,,,,,,,,,,,,,,,,,,,,,
237,Attila,ATT,attila,,,,,,,,,,,,,,,,,,,,,,,
238,PARSIQ,PRQ,parsiq,,,,,,,,,,,,,,,,,,,,,,,
239,Polkastarter,POLS,polkastarter,,,,,,,,,,,,,,,,,,,,,,,
240,Bankera,BNK,bankera,,,,,,,,,,,,,,,,,,,,,,,
241,Harvest Finance,FARM,harvest-finance,,,,,,,,,,,,,,,,,,,,,,,
242,Darwinia Network,RING,darwinia-network-native-token,,,,,,,,,,,,,,,,,,,,,,,
243,cVault.finance,CORE,cvault-finance,,,,,,,,,,,,,,,,,,,,,,,
244,Sora,XOR,sora,,,,,,,,,,,,,,,,,,,,,,,
245,NEST Protocol,NEST,nest,,,,,,,,,,,,,,,,,,,,,,,
246,Badger DAO,BADGER,badger-dao,,,,,,,,,,,,,,,,,,,,,,,
247,Maro,MARO,ttc-protocol,,,,,,,,,,,,,,,,,,,,,,,
248,Hifi Finance,MFT,mainframe,,,,,,,,,,,,,,,,,,,,,,,
249,Carry,CRE,carry,,,,,,,,,,,,,,,,,,,,,,,
250,COTI,COTI,coti,,,,,,,,,,,,,,,,,,,,,,,
251,Loom Network,LOOM,loom-network,,,,,,,,,,,,,,,,,,,,,,,
252,Lambda,LAMB,lambda,,,,,,,,,,,,,,,,,,,,,,,
253,DREP,DREP,drep-new,,,,,,,,,,,,,,,,,,,,,,,
254,RedFOX Labs,RFOX,redfox-labs-2,,,,,,,,,,,,,,,,,,,,,,,
255,PAID Network,PAID,paid-network,,,,,,,,,,,,,,,,,,,,,,,
256,SuperFarm,SUPER,superfarm,,,,,,,,,,,,,,,,,,,,,,,
257,PIBBLE,PIB,pibble,,,,,,,,,,,,,,,,,,,,,,,
258,Atari Token,ATRI,atari,,,,,,,,,,,,,,,,,,,,,,,
259,Ethernity Chain,ERN,ethernity-chain,,,,,,,,,,,,,,,,,,,,,,,
260,AMO Coin,AMO,amo,,,,,,,,,,,,,,,,,,,,,,,
261,BioPassport Token,BIOT,biopassport,,,,,,,,,,,,,,,,,,,,,,,
262,DerivaDAO,DDX,derivadao,,,,,,,,,,,,,,,,,,,,,,,
263,12Ships,TSHP,12ships,,,,,,,,,,,,,,,,,,,,,,,
264,Refereum,RFR,refereum,,,,,,,,,,,,,,,,,,,,,,,
265,Thunder Token,TT,thunder-token,,,,,,,,,,,,,,,,,,,,,,,
266,Akropolis,AKRO,akropolis,,,,,,,,,,,,,,,,,,,,,,,
267,Endor Protocol,EDR,endor,,,,,,,,,,,,,,,,,,,,,,,
268,MovieBloc,MBL,moviebloc,,,,,,,,,,,,,,,,,,,,,,,
269,district0x,DNT,district0x,,,,,,,,,,,,,,,,,,,,,,,
270,WHALE,WHALE,whale,,,,,,,,,,,,,,,,,,,,,,,
271,Function X,FX,fx-coin,,,,,,,,,,,,,,,,,,,,,,,
272,Alchemix,ALCX,alchemix,,,,,,,,,,,,,,,,,,,,,,,
273,Coin98,C98,coin98,,,,,,,,,,,,,,,,,,,,,,,
274,Yield Guild Games,YGG,yield-guild-games,,,,,,,,,,,,,,,,,,,,,,,
275,Illuvium,ILV,illuvium,,,,,,,,,,,,,,,,,,,,,,,
276,Rari Governance Token,RGT,rari-governance-token,,,,,,,,,,,,,,,,,,,,,,,
277,PEAKDEFI,PEAK,marketpeak,,,,,,,,,,,,,,,,,,,,,,,
278,Bifrost (BFC),BFC,bifrost,,,,,,,,,,,,,,,,,,,,,,,
279,Alchemy Pay,ACH,alchemy-pay,,,,,,,,,,,,,,,,,,,,,,,
280,Adventure Gold,AGLD,adventure-gold,,,,,,,,,,,,,,,,,,,,,,,
281,IDEX,IDEX,aurora-dao,,,,,,,,,,,,,,,,,,,,,,,
282,PlayDapp,PLA,playdapp,,,,,,,,,,,,,,,,,,,,,,,
283,AllianceBlock,ALBT,allianceblock,,,,,,,,,,,,,,,,,,,,,,,
284,ApeSwap Finance,BANANA,apeswap-finance,,,,,,,,,,,,,,,,,,,,,,,
285,Automata Network,ATA,automata,,,,,,,,,,,,,,,,,,,,,,,
286,Verasity,VRA,verasity,,,,,,,,,,,,,,,,,,,,,,,
287,Radicle,RAD,radicle,,,,,,,,,,,,,,,,,,,,,,,
288,CEEK VR,CEEK,ceek,,,EEP22TU01,Settlement Token,,,,,,,,,,,,,,,,,,,
289,Dusk Network,DUSK,dusk-network,,,,,,,,,,,,,,,,,,,,,,,
290,Dvision Network,DVI,dvision-network,,,,,,,,,,,,,,,,,,,,,,,
291,Phantasma,SOUL,phantasma,,,,,,,,,,,,,,,,,,,,,,,
292,Spell Token,SPELL,spell-token,,,,,,,,,,,,,,,,,,,,,,,
293,UFO Gaming,UFO,ufo-gaming,,,,,,,,,,,,,,,,,,,,,,,
294,Radio Caca,RACA,radio-caca,,,,,,,,,,,,,,,,,,,,,,,
295,Boba Network,BOBA,boba-network,,,,,,,,,,,,,,,,,,,,,,,
296,MetisDAO,METIS,metis-token,,,,,,,,,,,,,,,,,,,,,,,
297,Starlink,STARL,starlink,,,,,,,,,,,,,,,,,,,,,,,
298,OpenDAO,SOS,opendao,,,,,,,,,,,,,,,,,,,,,,,
299,Veritaseum,VERI,veritaseum,,,,,,,,,,,,,,,,,,,,,,,
300,Vulcan Forged PYR,PYR,vulcan-forged,,,,,,,,,,,,,,,,,,,,,,,
301,RMRK,RMRK,rmrk,,,,,,,,,,,,,,,,,,,,,,,
302,Braintrust,BTRST,braintrust,,,EEP22TU03,Settlement and Governance Token,,,,,,,,,,,,,,,,,,,
303,Wilder World,WILD,wilder-world,,,,,,,,,,,,,,,,,,,,,,,
304,HyperDAO,HDAO,hyperdao,,,,,,,,,,,,,,,,,,,,,,,
305,Qredo,QRDO,qredo,,,,,,,,,,,,,,,,,,,,,,,
306,Humanscape,HUM,humanscape,,,,,,,,,,,,,,,,,,,,,,,
307,Circuits of Value,COVAL,circuits-of-value,,,,,,,,,,,,,,,,,,,,,,,
308,MX TOKEN,MX,mx-token,,,,,,,,,,,,,,,,,,,,,,,
309,Merit Circle,MC,merit-circle,,,,,,,,,,,,,,,,,,,,,,,
310,Wrapped NCG (Nine Chronicles Gold),WNCG,wrapped-ncg,,,,,,,,,,,,,,,,,,,,,,,
311,ConstitutionDAO,PEOPLE,constitutiondao,,,,,,,,,,,,,,,,,,,,,,,
312,MXC,MXC,mxc,,,EEP22TU01,Settlement Token,,,,,,,,,,,,,,,,,,,
313,Chainbing,CBG,chainbing,,,,,,,,,,,,,,,,,,,,,,,
314,ICHI,ICHI,ichi-farm,,,,,,,,,,,,,,,,,,,,,,,
315,VVS Finance,VVS,vvs-finance,,,,,,,,,,,,,,,,,,,,,,,
316,Aurora,AURORA,aurora-near,,,,,,,,,,,,,,,,,,,,,,,
317,Beta Finance,BETA,beta-finance,,,,,,,,,,,,,,,,,,,,,,,
318,Maple,MPL,maple,,,,,,,,,,,,,,,,,,,,,,,
319,API3,API3,api3,,,,,,,,,,,,,,,,,,,,,,,
320,1eco,1ECO,1eco,,,,,,,,,,,,,,,,,,,,,,,
321,Wirex Token,WXT,wirex,,,,,,,,,,,,,,,,,,,,,,,
322,Threshold,T,threshold-network-token,,,,,,,,,,,,,,,,,,,,,,,
323,LooksRare,LOOKS,looksrare,,,,,,,,,,,,,,,,,,,,,,,
324,AVINOC,AVINOC,avinoc,,,,,,,,,,,,,,,,,,,,,,,
325,Project Galaxy,GAL,project-galaxy,,,,,,,,,,,,,,,,,,,,,,,
326,DEAPcoin,DEP,deapcoin,,,,,,,,,,,,,,,,,,,,,,,
327,XSGD,XSGD,xsgd,,,,,,,,,,,,,,,,,,,,,,,
328,Liquity,LQTY,liquity,,,,,,,,,,,,,,,,,,,,,,,
329,Locus Chain,LOCUS,locus-chain,,,,,,,,,,,,,,,,,,,,,,,
330,Propy,PRO,propy,,,,,,,,,,,,,,,,,,,,,,,
331,Origin Dollar,OUSD,origin-dollar,,,,,,,,,,,,,,,,,,,,,,,
332,STP,STPT,stp-network,,,,,,,,,,,,,,,,,,,,,,,
333,Terran Coin,TRR,terran-coin,,,,,,,,,,,,,,,,,,,,,,,
334,Ribbon Finance,RBN,ribbon-finance,,,,,,,,,,,,,,,,,,,,,,,
335,DeXe,DEXE,dexe,,,,,,,,,,,,,,,,,,,,,,,
336,HI,HI,hi-dollar,,,,,,,,,,,,,,,,,,,,,,,
337,Axelar,AXL,axelar,,,,,,,,,,,,,,,,,,,,,,,
338,Hashflow,HFT,hashflow,,,,,,,,,,,,,,,,,,,,,,,
339,Ethereum,ETH,ethereum,,"Ethereum is a global, open-source platform for decentralized applications.",EEP22TU01,Settlement Token,EIN05DA03,"Cloud Computing, Distributed Systems, and Decentralized Applications",TTS41BC,Blockchain-Native Token,LLC31,No-Claim Token,LIT62DL,Distributed Ledger Protocol,REU51UT,Utility Token,EMO91,Reward,EMS82IF,Inflationary,TCM71PW,Proof of Work,RTA72,New Asset Token,N
340,Binance Coin,BNB,binancecoin,,The native token of the Binance cryptocurrency exchange.,EEP22TU02,Settlement and Access Token,EIN06EX,"Exchange, Trading and Settlement",TTS41BC,Blockchain-Native Token,LLC31,No-Claim Token,LIT61PV,Private Sector Legal Entity,REU51UT,Utility Token,EMO92,Sale,EMS81,Fixed,TCM73BF03,Other BFT (Tendermint),RTA72,New Asset Token,Y
341,Binance USD,BUSD,binance-usd,Marlene,Highly regulated 1:1 USD-backed crypto stablecoin.,EEP21PP01USD,USD-Pegged Payment Token,EIN06PS,Payment Services and Infrastructure,TTS42BN01,Binance BEP-2 Standard Token,LLC32,Relative Rights Token,LIT61PV,Private Sector Legal Entity,REU51EM12,Non-Authorized Significant E-Money Token,EMO92,Sale,EMS82DC,Discretionary,Depends on the ledger,Depends on the ledger,RTA71,Conventional Asset Tokens,Y
342,Bitcoin Cash,BCH,bitcoin-cash,Albert,Cheaper and faster version of Bitcoin.,EEP21UP,Unpegged Payment Token,EIN06PS,Payment Services and Infrastructure,TTS41BC,Blockchain-Native Token,LLC31,No-Claim Token,LIT62DL,Distributed Ledger Protocol,REU51ZZ,Other In-Scope Crypto Asset,EMO91,Reward,EMS81,Fixed,TCM71PW,Proof of Work,RTA72,New Asset Token,N
343,Polygon,MATIC,matic-network,Nick,Ethereum's Internet of Blockchains.,EEP22TU03,Settlement and Governance Token,EIN05DA03,"Cloud Computing, Distributed Systems, and Decentralized Applications",TTS41BC,Blockchain-Native Token,LLC31,No-Claim Token,LIT61PV,Private Sector Legal Entity,REU51UT,Utility Token,EMO92,Sale,EMS81,Fixed,TCM71PS,Proof of Stake,RTA72,New Asset Token,N
344,Crypto.com Coin,CRO,crypto-com-chain,Aavneet,Buy crypto at true cost.,EEP22TU02,Settlement and Access Token,EIN06EX,"Exchange, Trading and Settlement",TTS41BC,Blockchain-Native Token,LLC31,No-Claim Token,LIT61PV,Private Sector Legal Entity,REU51UT,Utility Token,EMO92,Sale,EMS81,Fixed,TCM73BF03,Other BFT (Tendermint),RTA72,New Asset Token,N
345,Holo,HOT,holotoken,Albert,"Holochain delivers the promises of blockchain with a mashup of proven tech that provides self-owned data, a distributed database, and peer accountability.",EEP22TU01,Settlement  Token,EIN05DA03,"Cloud Computing, Distributed Systems, and Decentralized Applications",TTS41BC,Blockchain-Native Token,LLC31,No-Claim Token,LIT61PV,Private Sector Legal Entity,REU51UT,Utility Token,EMO92,Sale,EMS82DF,Deflationary,TCM73GP02,Other DAG,RTA72,New Asset Token,Y
346,Fantom,FTM,fantom,Albert,DAG-based smart contract platform for DeFi services,EEP22TU03,Settlement and Governance Token,EIN06DF05,Other Decentralized Finance (DeFi),TTS41DG,DAG-Native Token,LLC31,No-Claim Token,LIT61PV,Private Sector Legal Entity,REU51UT,Utility Token,EMO92,Sale,EMS81,Fixed,TCM72ZZ,Other Hybrid,RTA72,New Asset Token,Y
347,Ankr,ANKR,ankr,Marlene,Web 3.0 infrastructure - Blockchain nodes & APIs,EEP22TU03,Settlement and Governance Token,EIN05DA03,"Cloud Computing, Distributed Systems, and Decentralized Applications",TTS41BC,Blockchain-Native Token,LLC31,No-Claim Token,LIT61PV,Private Sector Legal Entity,REU51UT,Utility Token,EMO92,Sale,EMS81,Fixed,TCM72DS,Proof of Work,RTA72,New Asset Token,Y
348,SKALE Network,SKL,skale,Albert,,EEP22TU02,Settlement and Access Token,EIN05DA03,"Cloud Computing, Distributed Systems, and Decentralized Applications",TTS42ET99,Other Ethereum Application Layer Token,LLC31,No-Claim Token,LIT61PV,Private Sector Legal Entity,REU51UT,Utility Token,EMO91,Reward,EMS81,Fixed,TCM71PS,Proof of Stake,RTA72,New Asset Token,N
349,Storj,STORJ,storj,Nick,Decentralized cloud data storage that aims to be more efficient than centrelized cloud computing,EEP22TU01,Settlement Token,EIN05DA05,"Other Software, Data Storage and Processing",TTS41BC,Blockchain-Native Token,LLC31,No-Claim Token,LIT61PV,Private Sector Legal Entity,REU51UT,Utility Token,EMO91,Reward,EMS81,Fixed,TCM71ZZ,Other Proof based,RTA72,New Asset Token,N
350,Stratis,STRAX,stratis,Prashant,,EEP22TU03,Settlement and Governance Token,EIN05DA03,"Cloud Computing, Distributed Systems, and Decentralized Applications",TTS41BC,Blockchain-Native Token,LLC31,No-Claim Token,LIT61PV,Private Sector Legal Entity,REU51UT,Utility Token,EMO92,Sale,EMS82IF,Inflationary,TCM71PS,Proof of Stake,RTA72,New Asset Token,N
351,Prometeus,PROM,prometeus,Jan,Celebrities can create their own coin which then shall gives followers a means for interaction with their favourite celebrities.,EEP22TU02,Settlement and Access Token,EIN05DA03,Media and Social Media,TTS42BN02,Binance BEP-20 Standard Token,LLC31,No-Claim Token,LIT61PV,Private Sector Legal Entity,REU51UT,Utility Token,EMO92,Sale,EMS81,Fixed,TCM72DS,Delegated Proof of Stake,RTA72,New Asset Token,Y
352,Fetch.ai,FET,fetch-ai,Aavneet,"Building an open access, tokenized, decentralized machine learning network to enable smart infrastructure built around a decentralized digital economy.",EEP22TU03,Settlement and Governance Token,EIN05DA01,"Artificial Intelligence (AI), Predictive Analytics, and Big Data",TTS41BC,Blockchain-Native Token,LLC31,No-Claim Token,LIT61PV,Private Sector Legal Entity,REU51UT,Utility Token,EMO92,Sale,EMS82IF,Inflationary,TCM73BF03,Other BFT (Tendermint),RTA72,New Asset Token,N
353,Band Protocol,BAND,band-protocol,Prashant,Band Protocol is a cross-chain data oracle platform that aggregates and connects real-world data and APIs to smart contracts.,EEP22TU03,Settlement and Governance Token,EIN05MS,"Decentralized Data, Oracles and Infrastructure",TTS41BC,Blockchain-Native Token,LLC31,No-Claim Token,LIT61PV,Private Sector Legal Entity,REU51UT,Utility Token,EMO92,Sale,EMS81,Fixed,TCM73BF03,Other BFT (Tendermint),RTA72,New Asset Token,Y
354,Reef,REEF,reef,Marlene,"Blockchain for DeFi, NFT & Gaming",EEP22TU03,Settlement and Governance Token,EIN05DA03,"Cloud Computing, Distributed Systems, and Decentralized Applications",TTS42ZZ,Other Application Layer Token,LLC31,No-Claim Token,LIT61PV,Private Sector Legal Entity,REU51UT,Utility Token,EMO92,Sale,EMS82IF,Inflationary,Depends on the ledger,Depends on the ledger,RTA72,New Asset Token,Y
355,Uquid Coin,UQC,uquid-coin,Magda,UQC is a decentralized virtual currency based on the ERC20 Token,EEP22TU02,Settlement and Access Token,EEP22TU02,Other Decentralized Finance (DeFi),EIN06DF05,Ethereum ERC-20 Standard Token,LLC31,No-Claim Token,LIT61PV,Private Sector Legal Entity,REU51UT,Utility Token,EMO92,Sale,EMS80,Fixed,TCM71PW,Proof of Work,RTA72,New Asset Token,N
356,Cartesi,CTSI,cartesi,Jan,Cartesi offers a bridge between standard programming and blockchain,EEP22TU02,Settlement and Access Token,EIN05DA03,"Cloud Computing, Distributed Systems, and Decentralized Applications",TTS41BC,Blockchain-Native Token,LLC31,No-Claim Token,LIT61PV,Private Sector Legal Entity,REU51UT,Utility Token,EMO92,Sale,EMS81,Fixed,TCM71PS,Proof of Stake,RTA72,New Asset Token,Y
357,Serum,SRM,serum,Albert,DEX & DeFi ecosystem build on Solana,EEP22TU03,Settlement and Governance Token,EIN06DF01,"Decentralized Exchanges, Markets and Market Making",TTS42ZZ,Other Application Layer Token,LLC31,No-Claim Token,LIT62AL,Application Layer Protocol,REU51UT,Utility Token,EMO92,Sale,EMS82DF,Deflationary,TCM72ZZ,Other Hybrid,RTA72,New Asset Token,Y
358,NKN,NKN,nkn,Aavneet,"NKN, or New Kind of Network, is an open-source protocol for public blockchain-based peer-to-peer Networks to share network bandwidth and Internet connectivity.",EEP22TU03,Settlement and Governance Token,EIN05DA02,"Internet of Things (IoT), Smart Infrastructures, and Connectivity",TTS41BC,Blockchain-Native Token,LLC31,No-Claim Token,LIT61PV,Private Sector Legal Entity,REU51UT,Utility Token,EMO91,Reward,EMS81,Fixed,TCM71PW,Proof of Work,RTA72,New Asset Token,N
359,Celer Network,CELR,celer-network,Albert,"layer-2 scaling platform that brings fast, secure and low-cost blockchain applications on Ethereum, Polkadot and other blockchains to mass adoption",EEP22TU02,Settlement and Access Token,EIN06DF05,Other Decentralized Finance (DeFi),TTS42ZZ,Other Application Layer Token,LLC31,No-Claim Token,LIT61PV,Private Sector Legal Entity,REU51UT,Utility Token,EMO92,Sale,EMS81,Fixed,TCM72DS,Delegated Proof of Stake,RTA72,New Asset Token,Y
360,Divi,DIVI,divi,Nick,Divi wants to make crypto mass adopted by providing a user friendly interface called divi app to exchange and stake tokens,EEP22TU03,Settlement and Governance Token,EIN05DA03,"Cloud Computing, Distributed Systems, and Decentralized Applications",TTS41BC,Blockchain-Native Token,LLC31,No-Claim Token,LIT61PV,Private Sector Legal Entity,REU51UT,Utility Token,EMO93,Reward,EMS82IF,Inflationary,TCM72DS,Proof of Stake,RTA72,New Asset Token,N
361,Mirror Protocol,MIR,mirror-protocol,Marlene,Enabling the creation of synthetic assets,EEP22TU03,Settlement and Governance Token,EIN06DF03,"Decentralized Derivatives, Syntethic Assets and Insuarance",TTS42ZZ,Other Application Layer Token,LLC31,No-Claim Token,LIT61PV,Private Sector Legal Entity,REU51UT,Utility Token,EMO93,Airdrop,EMS81,Fixed,TCM73BF03,Other BFT (Tendermint),RTA72,New Asset Token,Y
362,Clover Finance,CLV,clover-finance,Nick,Cross chain interoperability,EEP22TU03,Settlement and Governance Token,EIN05DA03,"Cloud Computing, Distributed Systems, and Decentralized Applications",TTS42ZZ,Other Application Layer Token,LLC31,No-Claim Token,LIT61PV,Private Sector Legal Entity,REU51UT,Utility Token,EMO91,Reward,EMS81,Fixed,TCM72ZZ,Other Hybrid,RTA72,New Asset Token,Y
363,Audius,AUDIO,audius,Albert,Solana-based decentralized music streaming protocol,EEP22TU03,Settlement and Governance Token,EIN08AC,Arts and Culture,TTS41BC,Blockchain-Native Token,LLC31,No-Claim Token,LIT61PV,Private Sector Legal Entity,REU51UT,Utility Token,EMO92,Sale,EMS81,Fixed,TCM71PS,Proof of Stake,RTA72,New Asset Token,Y
364,CENNZnet,CENNZ,centrality,Natalie,CENNZnet is a New Zealand built public blockchain and Application platform that puts great user experience first.,EEP22TU03,Settlement and Governance Token,EIN05DA03,"Cloud Computing, Distributed Systems, and Decentralized Applications",TTS41BC,Blockchain-Native Token,LLC31,No-Claim Token,LIT61PV,Private Sector Legal Entity,REU51UT,Utility Token,EMO92,Sale,EMS81,Fixed,TCM71PS,Proof of Stake,RTA72,New Asset Token,N
365,Render Token,RNDR,render-token,Natalie,"RNDR is a distributed GPU rendering network built on top of the Ethereum blockchain, aiming to connect artists and studios in need of GPU compute power with mining partners willing to rent their GPU capabilities out.",EEP22TU03,Settlement and Governance Token,EIN01,Agriculture and Mining,,Ethereum ERC-20 Standard Token,LLC31,No-Claim Token,LIT61PV,Private Sector Legal Entity,REU51UT,Utility Token,EMO92,Sale,EMS81,Fixed,TCM72DS,Proof-of-Work,RTA72,New Asset Token,N
366,Polymath,POLY,polymath,Nick,"Polymath is the first decentrelized network, specialized for security tokenization.",EEP22TU03,Settlement and Governance Token,EIN06BS,"Banking, Custody and Financing Services",,,LLC31,No-Claim Token,LIT61PV,Private Sector Legal Entity,REU51UT,Utility Token,EMO91,Reward,EMS81,Fixed,TCM72DS,Proof-of-Work,RTA72,New Asset Token,N
367,Everipedia,IQ,everipedia,Marlene,The Blockchain Encyclopedia,EEP22TU02,Settlement and Access Token,EIN09,"Public Administration, Education, Healthcare and Social Assistance",TTS42EO,EOS Application Layer Token,LLC31,No-Claim Token,LIT61PV,Private Sector Legal Entity,REU51UT,Utility Token,EMO93,Airdrop,EMS81,Fixed,TCM72DS,Delegated Proof of Stake,RTA72,New Asset Token,Y
368,aelf,ELF,aelf,Magda,"aelf is the most advanced and secure blockchain cloud infrastructure with segregate, unlimitedly scalable cloud computing networks, leading the decentralized future.",EEP22TU03,Settlement and Governance Token,EIN05DA03,"Cloud Computing, Distributed Systems, and Decentralized Applications",TTS41BC,Blockchain-Native Token,LLC31,No-Claim Token,LIT61PV,Private Sector Legal Entity,REU51UT,Utility Token,EMO92,Sale,EMS81,Fixed,"
TCM72DS",Delegated Proof of Stake,RTA72,New Asset Token,Y
369,Elitium,EUM,elitium,Magda,"The platform offers a basket of products, including decentralized finance (DeFi) savings plans, cryptocurrency staking, Bitcoin and Ethereum cloud mining services, and a dedicated NFT marketplace.",EEP22TU01,Settlement Token,EIN06DF04,"Decentralized Data, Oracles and Infrastructure",TTS41BC,Blockchain-Native Token,LLC31,No-Claim Token,LIT61PV,Private Sector Legal Entity,REU51UT,Utility Token,EMO91,Reward,EMS81,Fixed,TCM71PS,Proof of Stake,RTA72,New Asset Token,N
370,BORA,BORA,bora,Albert,,EEP22TU01,Settlement Token,EIN08ES,"Entertainment, Sports and Gaming",TTS42ZZ,Other Application Layer Token,LLC31,No-Claim Token,LIT61PV,Private Sector Legal Entity,REU51UT,Utility Token,EMO92,Sale,EMS81,Fixed,TCM73BF03,Other BFT,RTA72,New Asset Token,N
371,Velas,VLX,velas,Magda,Valas Finance stock is currently PancakeSwap (V2).,EEP22TU02,Settlement and Access Token,EIN06DF01,"Decentralized Exchanges, Markets and Market Making",TTS42BN02,Binance BEP-20 Standard Token,LLC31,No-Claim Token,LIT61PV,Private Sector Legal Entity,REU51UT,Utility Token,EMO92,Sale,EMS82IF,Inflationary,TCM71ZZ,Other Proof based,RTA72,New Asset Token,N
372,XinFin Network,XDC,xdce-crowd-sale,Marlene,Enterprise Blockchain For Global Trade and Finance,EEP22TU03,Settlement and Governance Token,EIN05DA03,"Cloud Computing, Distributed Systems, and Decentralized Applications",TTS41BC,Blockchain-Native Token,LLC31,No-Claim Token,LIT61PV,Private Sector Legal Entity,REU51UT,Utility Token,EMO92,Sale,EMS82IF,Fixed,TCM71ZZ,Other Proof based,RTA72,New Asset Token,N
373,Egoras,EGR,empty,Nick,Egoras is a micro-financing platforrm that offers non-colletorized credits to smaller firms.,EEP22TU03,Settlement and Governance Token,EIN06DF02,"Decentralized Lending, Saving and Asset Management",TTS42ET01,Ethereum ERC-20 Standard Token,LLC31,No-Claim Token,LIT61PV,Private Sector Legal Entity,REU51UT,Utility Token,EMO92,Sale,EM81,Fixed,TCM71PW,Proof of Work,RTA72,New Asset Token,N
374,The Transfer Token,TTT,empty,Jan,We provide the best rates for overseas remittance and foreign currency exchange.,EEP22TU02,Settlement and Access token,EIN06EX,"Exchange, Trading and Settlement",TTS42ET01,Ethereum ERC-20 Standard Token,LLC31,No-Claim Token,LIT61PV,Private Sector Legal Entity,REU51UT,Utility Token,EMO92,Sale,EMS81,Fixed,TCM73BF02,Proof of Work,RTA72,New Asset Token,N
375,INO COIN,INO,empty,Nick,INO Coin is a decentrelized crowdfunding platform for Crypto oriented fundings like ICOs with its INO token governing the system,EEP22TU03,Settlement and Governance Token,EIN06DF02,"Decentralized Lending, Saving and Asset Management",TTS42ET01,Ethereum ERC-20 Standard Token,LLC31,No-Claim Token,LIT61PV,Private Sector Legal Entity,REU51UT,Utility Token,EMO92,Sale,EMS81,Fixed,TCM73BF02,Proof of Work,RTA72,New Asset Token,N
376,Venus BNB,vBNB,empty,Magda,The native token of the Binance cryptocurrency exchange.,EEP22TU01,Settlement Token,EIN06DF05,Other Decentralized Finance (DeFi),TTS42ET01,Ethereum ERC-20 Standard Token,LLC31,No-Claim Token,LIT61PV,Private Sector Legal Entity,REU51UT,Utility Token,EMO94,Wrapping,EMS82DC,Discretionary,TCM71PS,Proof of Stake,RTA72,New Asset Token,N
377,Doctors Coin,DRS,empty,Magda,MEDICAL BEAUTY INFLUENCERS BEYOND BORDERS,EEP22TU01,Settlement Token,EIN05MS,Media and Social Media,TTS42ET01,Ethereum ERC-20 Standard Token,LLC31,No-Claim Token,LIT61PV,Private Sector Legal Entity,REU51UT,Utility Token,EMO92,Sale,EMS81,Fixed,TCM73BF02,Proof of Work,RTA72,New Asset Token,N
378,Rakon,RKN,empty,Nick,"Raken network aims to provide a decentrelized alternative for satellites, navigation and communication systems with RKN powering their smart contracts.",EEP22TU03,Settlement and Governance Token,EIN05TC,Telecommunications and Communications,TTS42ET01,Ethereum ERC-20 Standard Token,LLC31,No-Claim Token,LIT61PV,Private Sector Legal Entity,REU51UT,Utility Token,EMO91,Reward,EMS81,Fixed,TCM72DS,Proof-of-Work,RTA72,New Asset Token,N
379,CRYPTO20,C20,empty,Aavneet,The world's first tokenized crypto index fund.,EEP23FD,Fund Token,EIN06AM,Investment and Asset Management,TTS42ET01,Ethereum ERC-20 Standard Token,LLC31,No-Claim Token,LIT61PV,Private Sector Legal Entity,REU51UT,Utility Token,EMO92,Sale,EMS81,Fixed,TCM73BF02,Proof of Work,RTA72,New Asset Token,N